/*
INSERT INTO public.region ("code","name") VALUES
	 ('REG-001','ANDINA'),
	 ('REG-002','CENTRAL'),
	 ('REG-003','OCCIDENTAL'),
	 ('REG-004','ORIENTAL'),
	 ('REG-005','LOS LLANOS'),
	 ('REG-006','GUAYANA'),
	 ('REG-007','INSULAR'),
	 ('REG-008','CAPITAL');
	 
INSERT INTO public.stade ("code","name","region_code") VALUES
	 ('EST-001','MERIDA','REG-001'),
	 ('EST-002','LARA','REG-003'),
	 ('EST-003','MIRANDA','REG-008'),
	 ('EST-004','MONAGAS','REG-004'),
	 ('EST-005','NUEVA ESPARTA','REG-007'),
	 ('EST-006','PORTUGUESA','REG-005'),
	 ('EST-007','SUCRE','REG-004'),
	 ('EST-008','TACHIRA','REG-001'),
	 ('EST-009','TRUJILLO','REG-001'),
	 ('EST-010','LA GUAIRA','REG-008');
INSERT INTO public.stade ("code","name","region_code") VALUES
	 ('EST-011','YARACUY','REG-002'),
	 ('EST-012','ZULIA','REG-003'),
	 ('EST-013','AMAZONAS','REG-006'),
	 ('EST-014','ANZOATEGUI','REG-004'),
	 ('EST-015','APURE','REG-005'),
	 ('EST-016','ARAGUA','REG-002'),
	 ('EST-017','BARINAS','REG-005'),
	 ('EST-018','BOLÍVAR','REG-006'),
	 ('EST-019','CARABOBO','REG-002'),
	 ('EST-020','COJEDES','REG-005');
INSERT INTO public.stade ("code","name","region_code") VALUES
	 ('EST-021','DELTA AMACURO','REG-006'),
	 ('EST-022','DISTRITO CAPITAL','REG-008'),
	 ('EST-023','FALCON','REG-003'),
	 ('EST-024','GUARICO','REG-005');
	 
INSERT INTO public.municipality ("code","name","stade_code") VALUES
	 ('MUN-001','ALBERTO ADRIANI','EST-001'),
	 ('MUN-002','ZEA','EST-001'),
	 ('MUN-003','ANDRÉS BELLO','EST-001'),
	 ('MUN-004','RANGEL','EST-001'),
	 ('MUN-005','CARACCIOLO PARRA OLMEDO','EST-001'),
	 ('MUN-006','ANTONIO PINTO SALINAS','EST-001'),
	 ('MUN-007','MIRANDA','EST-001'),
	 ('MUN-008','ARICAGUA','EST-001'),
	 ('MUN-009','JUSTO BRICEÑO','EST-001'),
	 ('MUN-010','TULIO FEBRES CORDERO','EST-001');
INSERT INTO public.municipality ("code","name","stade_code") VALUES
	 ('MUN-011','LIBERTADOR','EST-001'),
	 ('MUN-012','CARDENAL QUINTERO','EST-001'),
	 ('MUN-013','TOVAR','EST-001'),
	 ('MUN-014','CAMPO ELÍAS','EST-001'),
	 ('MUN-015','SUCRE','EST-001'),
	 ('MUN-016','OBISPO RAMOS DE LORA','EST-001'),
	 ('MUN-017','GUARAQUE','EST-001'),
	 ('MUN-018','JULIO CESAR SALAS','EST-001'),
	 ('MUN-019','RIVAS DAVILA','EST-001'),
	 ('MUN-020','ARZOBISPO CHACON','EST-001');
INSERT INTO public.municipality ("code","name","stade_code") VALUES
	 ('MUN-021','PADRE NOGUERA','EST-001'),
	 ('MUN-022','PUEBLO LLANO','EST-001'),
	 ('MUN-023','SANTOS MARQUINA','EST-001'),
	 ('MUN-024','PALAVECINO','EST-002'),
	 ('MUN-025','ANDRÉS ELOY BLANCO','EST-002'),
	 ('MUN-026','CRESPO','EST-002'),
	 ('MUN-027','JIMÉNEZ','EST-002'),
	 ('MUN-028','MORÁN','EST-002'),
	 ('MUN-029','IRIBARREN','EST-002'),
	 ('MUN-030','URDANETA','EST-002');
INSERT INTO public.municipality ("code","name","stade_code") VALUES
	 ('MUN-031','TORRES','EST-002'),
	 ('MUN-032','SIMON PLANAS','EST-002'),
	 ('MUN-033','ZAMORA','EST-003'),
	 ('MUN-034','URDANETA','EST-003'),
	 ('MUN-035','GUAICAIPURO','EST-003'),
	 ('MUN-036','SUCRE','EST-003'),
	 ('MUN-037','PEDRO GUAL','EST-003'),
	 ('MUN-038','SIMÓN BOLÍVAR','EST-003'),
	 ('MUN-039','INDEPENDENCIA','EST-003'),
	 ('MUN-040','LANDER','EST-003');
INSERT INTO public.municipality ("code","name","stade_code") VALUES
	 ('MUN-041','LOS SALIAS','EST-003'),
	 ('MUN-042','PAZ CASTILLO','EST-003'),
	 ('MUN-043','ANDRÉS BELLO','EST-003'),
	 ('MUN-044','ACEVEDO','EST-003'),
	 ('MUN-045','PLAZA','EST-003'),
	 ('MUN-046','EL HATILLO','EST-003'),
	 ('MUN-047','CRISTÓBAL ROJAS','EST-003'),
	 ('MUN-048','CHACAO','EST-003'),
	 ('MUN-049','CARRIZAL','EST-003'),
	 ('MUN-050','BUROZ','EST-003');
INSERT INTO public.municipality ("code","name","stade_code") VALUES
	 ('MUN-051','BRIÓN','EST-003'),
	 ('MUN-052','BARUTA','EST-003'),
	 ('MUN-053','PÁEZ','EST-003'),
	 ('MUN-054','ACOSTA','EST-004'),
	 ('MUN-055','CARIPE','EST-004'),
	 ('MUN-056','CEDEÑO','EST-004'),
	 ('MUN-057','EZEQUIEL ZAMORA','EST-004'),
	 ('MUN-058','LIBERTADOR','EST-004'),
	 ('MUN-059','MATURÍN','EST-004'),
	 ('MUN-060','PIAR','EST-004');
INSERT INTO public.municipality ("code","name","stade_code") VALUES
	 ('MUN-061','SOTILLO','EST-004'),
	 ('MUN-062','AGUASAY','EST-004'),
	 ('MUN-063','BOLÍVAR','EST-004'),
	 ('MUN-064','PUNCERES','EST-004'),
	 ('MUN-065','SANTA BÁRBARA','EST-004'),
	 ('MUN-066','URACOA','EST-004'),
	 ('MUN-067','ANTOLIN DEL CAMPO','EST-005'),
	 ('MUN-068','TUBORES','EST-005'),
	 ('MUN-069','MARIÑO','EST-005'),
	 ('MUN-070','ARISMENDI','EST-005');
INSERT INTO public.municipality ("code","name","stade_code") VALUES
	 ('MUN-071','DIAZ','EST-005'),
	 ('MUN-072','PENÍNSULA DE MACANAO','EST-005'),
	 ('MUN-073','GARCÍA','EST-005'),
	 ('MUN-074','GÓMEZ','EST-005'),
	 ('MUN-075','MANEIRO','EST-005'),
	 ('MUN-076','MARCANO','EST-005'),
	 ('MUN-077','VILLALBAS','EST-005'),
	 ('MUN-078','SAN GENARO DE BOCONOÍTO','EST-006'),
	 ('MUN-079','TURÉN','EST-006'),
	 ('MUN-080','SUCRE','EST-006');
INSERT INTO public.municipality ("code","name","stade_code") VALUES
	 ('MUN-081','SAN RAFAEL DE ONOTO','EST-006'),
	 ('MUN-082','PAPELÓN','EST-006'),
	 ('MUN-083','PÁEZ','EST-006'),
	 ('MUN-084','OSPINO','EST-006'),
	 ('MUN-085','JOSÉ VICENTE DE UNDA','EST-006'),
	 ('MUN-086','GUANARITO','EST-006'),
	 ('MUN-087','GUANARE','EST-006'),
	 ('MUN-088','ESTELLER','EST-006'),
	 ('MUN-089','ARAURE','EST-006'),
	 ('MUN-090','AGUA BLANCA','EST-006');
INSERT INTO public.municipality ("code","name","stade_code") VALUES
	 ('MUN-091','SANTA ROSALÍA','EST-006'),
	 ('MUN-092','MONTES','EST-007'),
	 ('MUN-093','VALDEZ','EST-007'),
	 ('MUN-094','SUCRE','EST-007'),
	 ('MUN-095','RIBERO','EST-007'),
	 ('MUN-096','LIBERTADOR','EST-007'),
	 ('MUN-097','CRUZ SALMERÓN ACOSTA','EST-007'),
	 ('MUN-098','CAJIGAL','EST-007'),
	 ('MUN-099','BENÍTEZ','EST-007'),
	 ('MUN-100','ARISMENDI','EST-007');
INSERT INTO public.municipality ("code","name","stade_code") VALUES
	 ('MUN-101','MARIÑO','EST-007'),
	 ('MUN-102','BERMÚDEZ','EST-007'),
	 ('MUN-103','ANDRÉS MATA','EST-007'),
	 ('MUN-104','ANDRÉS ELOY BLANCO','EST-007'),
	 ('MUN-105','BOLÍVAR','EST-007'),
	 ('MUN-106','MEJÍA','EST-007'),
	 ('MUN-107','URIBANTE','EST-008'),
	 ('MUN-108','PANAMERICANO','EST-008'),
	 ('MUN-109','PEDRO MARÍA UREÑA','EST-008'),
	 ('MUN-110','SAMUEL DARÍO MALDONADO','EST-008');
INSERT INTO public.municipality ("code","name","stade_code") VALUES
	 ('MUN-111','SUCRE','EST-008'),
	 ('MUN-112','LOBATERA','EST-008'),
	 ('MUN-113','SAN CRISTÓBAL','EST-008'),
	 ('MUN-114','BOLÍVAR','EST-008'),
	 ('MUN-115','LIBERTAD','EST-008'),
	 ('MUN-116','JUNÍN','EST-008'),
	 ('MUN-117','JÁUREGUI','EST-008'),
	 ('MUN-118','INDEPENDENCIA','EST-008'),
	 ('MUN-119','FERNÁNDEZ FEO','EST-008'),
	 ('MUN-120','CÁRDENAS','EST-008');
INSERT INTO public.municipality ("code","name","stade_code") VALUES
	 ('MUN-121','GARCÍA DE HEVIA','EST-008'),
	 ('MUN-122','AYACUCHO','EST-008'),
	 ('MUN-123','LIBERTADOR','EST-008'),
	 ('MUN-124','ANDRÉS BELLO','EST-008'),
	 ('MUN-125','ANTONIO RÓMULO COSTA','EST-008'),
	 ('MUN-126','CÓRDOBA','EST-008'),
	 ('MUN-127','FRANCISCO DE MIRANDA','EST-008'),
	 ('MUN-128','GUÁSIMOS','EST-008'),
	 ('MUN-129','JOSÉ MARÍA VARGAS','EST-008'),
	 ('MUN-130','MICHELENA','EST-008');
INSERT INTO public.municipality ("code","name","stade_code") VALUES
	 ('MUN-131','RAFAEL URDANETA','EST-008'),
	 ('MUN-132','SAN JUDAS TADEO','EST-008'),
	 ('MUN-133','SEBORUCO','EST-008'),
	 ('MUN-134','SIMÓN RODRÍGUEZ','EST-008'),
	 ('MUN-135','TORBE','EST-008'),
	 ('MUN-136','ESCUQUE','EST-009'),
	 ('MUN-137','SUCRE','EST-009'),
	 ('MUN-138','SAN RAFAEL DE CARVAJAL','EST-009'),
	 ('MUN-139','RAFAEL RANGEL','EST-009'),
	 ('MUN-140','PAMPAN','EST-009');
INSERT INTO public.municipality ("code","name","stade_code") VALUES
	 ('MUN-141','MONTE CARMELO','EST-009'),
	 ('MUN-142','MIRANDA','EST-009'),
	 ('MUN-143','TRUJILLO','EST-009'),
	 ('MUN-144','JOSE FELIPE MARQUEZ CAÑIZALES','EST-009'),
	 ('MUN-145','PAMPANITO','EST-009'),
	 ('MUN-146','CARACHE','EST-009'),
	 ('MUN-147','CANDELARIA','EST-009'),
	 ('MUN-148','BOLÍVAR','EST-009'),
	 ('MUN-149','BOCONO','EST-009'),
	 ('MUN-150','ANDRÉS BELLO','EST-009');
INSERT INTO public.municipality ("code","name","stade_code") VALUES
	 ('MUN-151','JUAN VICENTE','EST-009'),
	 ('MUN-152','VALERA','EST-009'),
	 ('MUN-153','LA CEIBA','EST-009'),
	 ('MUN-154','MOTATAN','EST-009'),
	 ('MUN-155','URDANETA','EST-009'),
	 ('MUN-156','VARGAS','EST-010'),
	 ('MUN-157','VEROES','EST-011'),
	 ('MUN-158','MANUEL MONGE','EST-011'),
	 ('MUN-159','NIRGUA','EST-011'),
	 ('MUN-160','PEÑA','EST-011');
INSERT INTO public.municipality ("code","name","stade_code") VALUES
	 ('MUN-161','URACHICHE','EST-011'),
	 ('MUN-162','LA TRINIDAD','EST-011'),
	 ('MUN-163','JOSÉ ANTONIO PÁEZ','EST-011'),
	 ('MUN-164','COCOROTE','EST-011'),
	 ('MUN-165','BRUZUAL','EST-011'),
	 ('MUN-166','BOLÍVAR','EST-011'),
	 ('MUN-167','ARÍSTIDES BASTIDAS','EST-011'),
	 ('MUN-168','INDEPENDENCIA','EST-011'),
	 ('MUN-169','SUCRE','EST-011'),
	 ('MUN-170','SAN FELIPE','EST-011');
INSERT INTO public.municipality ("code","name","stade_code") VALUES
	 ('MUN-171','BARALT','EST-012'),
	 ('MUN-172','JESUS MARIA SEMPRUN','EST-012'),
	 ('MUN-173','JESUS ENRIQUE LOSSADA','EST-012'),
	 ('MUN-174','FRANCISCO JAVIER PULGAR','EST-012'),
	 ('MUN-175','COLON','EST-012'),
	 ('MUN-176','SIMÓN BOLÍVAR','EST-012'),
	 ('MUN-177','CABIMAS','EST-012'),
	 ('MUN-178','ALMIRANTE PADILLA','EST-012'),
	 ('MUN-179','LA CAÑADA DE URDANETA','EST-012'),
	 ('MUN-180','CATATUMBO','EST-012');
INSERT INTO public.municipality ("code","name","stade_code") VALUES
	 ('MUN-181','PAEZ','EST-012'),
	 ('MUN-182','VALMORE RODRIGUEZ','EST-012'),
	 ('MUN-183','SUCRE','EST-012'),
	 ('MUN-184','SANTA RITA','EST-012'),
	 ('MUN-185','SAN FRANCISCO','EST-012'),
	 ('MUN-186','ROSARIO DE PERIJA','EST-012'),
	 ('MUN-187','LAGUNILLAS','EST-012'),
	 ('MUN-188','MACHIQUES DE PERIJA','EST-012'),
	 ('MUN-189','MARA','EST-012'),
	 ('MUN-190','MIRANDA','EST-012');
INSERT INTO public.municipality ("code","name","stade_code") VALUES
	 ('MUN-191','MARACAIBO','EST-012'),
	 ('MUN-192','ALTO ORINOCO','EST-013'),
	 ('MUN-193','ATABAPO','EST-013'),
	 ('MUN-194','ATURES','EST-013'),
	 ('MUN-195','AUTANA','EST-013'),
	 ('MUN-196','MANAPIARE','EST-013'),
	 ('MUN-197','RÍO NEGRO','EST-013'),
	 ('MUN-198','MAROA','EST-013'),
	 ('MUN-199','MANUEL EZEQUIEL BRUZUAL','EST-014'),
	 ('MUN-200','PEDRO MARÍA FREITES','EST-014');
INSERT INTO public.municipality ("code","name","stade_code") VALUES
	 ('MUN-201','PÍRITU','EST-014'),
	 ('MUN-202','SAN JUAN DE CAPISTRANO','EST-014'),
	 ('MUN-203','LIBERTAD','EST-014'),
	 ('MUN-204','SIR ARTHUR MC GREGOR','EST-014'),
	 ('MUN-205','FRANCISCO DE MIRANDA','EST-014'),
	 ('MUN-206','DIEGO BAUTISTA URBANEJA','EST-014'),
	 ('MUN-207','SIMÓN BOLÍVAR','EST-014'),
	 ('MUN-208','JOSÉ GREGORIO MONAGAS','EST-014'),
	 ('MUN-209','JUAN MANUEL CAJIGAL','EST-014'),
	 ('MUN-210','JUAN ANTONIO SOTILLO','EST-014');
INSERT INTO public.municipality ("code","name","stade_code") VALUES
	 ('MUN-211','GUANTA','EST-014'),
	 ('MUN-212','FRANCISCO DEL CARMEN CARVAJAL','EST-014'),
	 ('MUN-213','FERNANDO DE PEÑALVER','EST-014'),
	 ('MUN-214','ARAGUA','EST-014'),
	 ('MUN-215','ANACO','EST-014'),
	 ('MUN-216','SIMÓN RODRÍGUEZ','EST-014'),
	 ('MUN-217','INDEPENDENCIA','EST-014'),
	 ('MUN-218','SANTA ANA','EST-014'),
	 ('MUN-219','SAN JOSÉ DE GUANIPA','EST-014'),
	 ('MUN-220','PÁEZ','EST-015');
INSERT INTO public.municipality ("code","name","stade_code") VALUES
	 ('MUN-221','MUÑOZ','EST-015'),
	 ('MUN-222','BIRUACA','EST-015'),
	 ('MUN-223','ACHAGUAS','EST-015'),
	 ('MUN-224','PEDRO CAMEJO','EST-015'),
	 ('MUN-225','RÓMULO GALLEGO','EST-015'),
	 ('MUN-226','SAN FERNANDO','EST-015'),
	 ('MUN-227','SAN CASIMIRO','EST-016'),
	 ('MUN-228','MARIO BRICEÑO IRAGORRY','EST-016'),
	 ('MUN-229','FRANCISCO LINARES ALCÁNTARA','EST-016'),
	 ('MUN-230','ZAMORA','EST-016');
INSERT INTO public.municipality ("code","name","stade_code") VALUES
	 ('MUN-231','URDANETA','EST-016'),
	 ('MUN-232','SUCRE','EST-016'),
	 ('MUN-233','GIRARDOT','EST-016'),
	 ('MUN-234','SANTIAGO MARIÑO','EST-016'),
	 ('MUN-235','LIBERTADOR','EST-016'),
	 ('MUN-236','CAMATAGUA','EST-016'),
	 ('MUN-237','SANTOS MICHELENA','EST-016'),
	 ('MUN-238','JOSÉ FÉLIX RIBAS','EST-016'),
	 ('MUN-239','BOLÍVAR','EST-016'),
	 ('MUN-240','JOSÉ ÁNGEL LAMAS','EST-016');
INSERT INTO public.municipality ("code","name","stade_code") VALUES
	 ('MUN-241','JOSÉ RAFAEL REVENGA','EST-016'),
	 ('MUN-242','OCUMARE DE LA COSTA DE ORO','EST-016'),
	 ('MUN-243','SAN SEBASTIÁN','EST-016'),
	 ('MUN-244','TOVAR','EST-016'),
	 ('MUN-245','CRUZ PAREDES','EST-017'),
	 ('MUN-246','ANTONIO JOSÉ DE SUCRE','EST-017'),
	 ('MUN-247','ALBERTO ARVELO TORREALBA','EST-017'),
	 ('MUN-248','ROJAS','EST-017'),
	 ('MUN-249','BARINAS','EST-017'),
	 ('MUN-250','ARISMENDI','EST-017');
INSERT INTO public.municipality ("code","name","stade_code") VALUES
	 ('MUN-251','BOLÍVAR','EST-017'),
	 ('MUN-252','EZEQUIEL ZAMORA','EST-017'),
	 ('MUN-253','OBISPOS','EST-017'),
	 ('MUN-254','PEDRAZA','EST-017'),
	 ('MUN-255','ANDRÉS ELOY BLANCO','EST-017'),
	 ('MUN-256','SOSA','EST-017'),
	 ('MUN-257','GRAN SABANA','EST-018'),
	 ('MUN-258','CARONÍ','EST-018'),
	 ('MUN-259','SUCRE','EST-018'),
	 ('MUN-260','SIFONTES','EST-018');
INSERT INTO public.municipality ("code","name","stade_code") VALUES
	 ('MUN-261','ROSCIO','EST-018'),
	 ('MUN-262','CEDEÑO','EST-018'),
	 ('MUN-263','ANGOSTURA(RAÚL LEONI)','EST-018'),
	 ('MUN-264','HERES','EST-018'),
	 ('MUN-265','PIAR','EST-018'),
	 ('MUN-266','EL CALLAO','EST-018'),
	 ('MUN-267','PADRE PEDRO CHIEN','EST-018'),
	 ('MUN-268','GUACARA','EST-019'),
	 ('MUN-269','MIRANDA','EST-019'),
	 ('MUN-270','MONTALBÁN','EST-019');
INSERT INTO public.municipality ("code","name","stade_code") VALUES
	 ('MUN-271','NAGUANAGUA','EST-019'),
	 ('MUN-272','VALENCIA','EST-019'),
	 ('MUN-273','SAN JOAQUÍN','EST-019'),
	 ('MUN-274','DIEGO IBARRA','EST-019'),
	 ('MUN-275','BEJUMA','EST-019'),
	 ('MUN-276','CARLOS ARVELO','EST-019'),
	 ('MUN-277','LOS GUAYOS','EST-019'),
	 ('MUN-278','PUERTO CABELLO','EST-019'),
	 ('MUN-279','SAN DIEGO','EST-019'),
	 ('MUN-280','LIBERTADOR','EST-019');
INSERT INTO public.municipality ("code","name","stade_code") VALUES
	 ('MUN-281','JUAN JOSÉ MORA','EST-019'),
	 ('MUN-282','RICAURTE','EST-020'),
	 ('MUN-283','ANZOÁTEGUI','EST-020'),
	 ('MUN-284','TINAQUILLO','EST-020'),
	 ('MUN-285','GIRARDOT','EST-020'),
	 ('MUN-286','PAO DE SAN JUAN  BAUTISTA','EST-020'),
	 ('MUN-287','RÓMULO GALLEGO','EST-020'),
	 ('MUN-288','EZEQUIEL ZAMORA','EST-020'),
	 ('MUN-289','TINACO','EST-020'),
	 ('MUN-290','LIMA BLANCO','EST-020');
INSERT INTO public.municipality ("code","name","stade_code") VALUES
	 ('MUN-291','ANTONIO DÍAZ','EST-021'),
	 ('MUN-292','CASACOIMA','EST-021'),
	 ('MUN-293','PEDERNALES','EST-021'),
	 ('MUN-294','TUCUPITA','EST-021'),
	 ('MUN-295','LIBERTADOR','EST-022'),
	 ('MUN-296','CACIQUE MANAURE','EST-023'),
	 ('MUN-297','MAUROA','EST-023'),
	 ('MUN-298','LOS TAQUES','EST-023'),
	 ('MUN-299','JACURA','EST-023'),
	 ('MUN-300','FEDERACIÓN','EST-023');
INSERT INTO public.municipality ("code","name","stade_code") VALUES
	 ('MUN-301','FALCÓN','EST-023'),
	 ('MUN-302','DEMOCRACIA','EST-023'),
	 ('MUN-303','DABAJURO','EST-023'),
	 ('MUN-304','CARIRUBANA','EST-023'),
	 ('MUN-305','PALMASOLA','EST-023'),
	 ('MUN-306','BUCHIVACOA','EST-023'),
	 ('MUN-307','BOLÍVAR','EST-023'),
	 ('MUN-308','ACOSTA','EST-023'),
	 ('MUN-309','COLINA','EST-023'),
	 ('MUN-310','UNIÓN','EST-023');
INSERT INTO public.municipality ("code","name","stade_code") VALUES
	 ('MUN-311','MIRANDA','EST-023'),
	 ('MUN-312','URUMACO','EST-023'),
	 ('MUN-313','MONSEÑOR ITURRIZA','EST-023'),
	 ('MUN-314','TOCÓPERO','EST-023'),
	 ('MUN-315','SUCRE','EST-023'),
	 ('MUN-316','SILVA','EST-023'),
	 ('MUN-317','SAN FRANCISCO','EST-023'),
	 ('MUN-318','PÍRITU','EST-023'),
	 ('MUN-319','PETIT','EST-023'),
	 ('MUN-320','ZAMORA','EST-023');
INSERT INTO public.municipality ("code","name","stade_code") VALUES
	 ('MUN-321','SANTA MARÍA DE IPIRE','EST-024'),
	 ('MUN-322','CHAGUARAMAS','EST-024'),
	 ('MUN-323','PEDRO ZARAZA','EST-024'),
	 ('MUN-324','SAN JOSÉ DE GUARIBE','EST-024'),
	 ('MUN-325','SAN JERÓNIMO DE GUAYABAL','EST-024'),
	 ('MUN-326','ORTIZ','EST-024'),
	 ('MUN-327','FRANCISCO DE MIRANDA','EST-024'),
	 ('MUN-328','LEONARDO INFANTE','EST-024'),
	 ('MUN-329','CAMAGUAN','EST-024'),
	 ('MUN-330','EL SOCORRO','EST-024');
INSERT INTO public.municipality ("code","name","stade_code") VALUES
	 ('MUN-331','JOSÉ FÉLIX RIBAS','EST-024'),
	 ('MUN-332','JOSÉ TADEO MONAGAS','EST-024'),
	 ('MUN-333','JUAN GERMÁN ROSCIO','EST-024'),
	 ('MUN-334','JULIÁN MELLADO','EST-024'),
	 ('MUN-335','LAS MERCEDES','EST-024');

INSERT INTO public.parrish ("code","name","municipality_code") VALUES
	 ('PAR-0001','PULIDO MÉNDEZ','MUN-001'),
	 ('PAR-0002','HÉCTOR AMABLE MORA','MUN-001'),
	 ('PAR-0003','PRESIDENTE BETANCOURT','MUN-001'),
	 ('PAR-0004','JOSÉ NUCETE SARDI','MUN-001'),
	 ('PAR-0005','PRESIDENTE PÁEZ','MUN-001'),
	 ('PAR-0006','GABRIEL PICÓN GONZÁLEZ','MUN-001'),
	 ('PAR-0007','PRESIDENTE RÓMULO GALLEGOS','MUN-001'),
	 ('PAR-0008','CAÑO EL TIGRE','MUN-002'),
	 ('PAR-0009','ZEA','MUN-002'),
	 ('PAR-0010','LA AZULITA','MUN-003');
INSERT INTO public.parrish ("code","name","municipality_code") VALUES
	 ('PAR-0011','LA TOMA','MUN-004'),
	 ('PAR-0012','MUCUCHÍES','MUN-004'),
	 ('PAR-0013','MUCURUBÁ','MUN-004'),
	 ('PAR-0014','CACUTE','MUN-004'),
	 ('PAR-0015','SAN RAFAEL','MUN-004'),
	 ('PAR-0016','TUCANÍ','MUN-005'),
	 ('PAR-0017','FLORENCIO RAMÍREZ','MUN-005'),
	 ('PAR-0018','SANTA CRUZ DE MORA','MUN-006'),
	 ('PAR-0019','MESA BOLÍVAR','MUN-006'),
	 ('PAR-0020','MESA DE LAS PALMAS','MUN-006');
INSERT INTO public.parrish ("code","name","municipality_code") VALUES
	 ('PAR-0021','ANDRÉS ELOY BLANCO','MUN-007'),
	 ('PAR-0022','PIÑANGO','MUN-007'),
	 ('PAR-0023','LA VENTA','MUN-007'),
	 ('PAR-0024','TIMOTES','MUN-007'),
	 ('PAR-0025','ARICAGUA','MUN-008'),
	 ('PAR-0026','SAN ANTONIO(CAMPO ELÍAS)','MUN-008'),
	 ('PAR-0027','SAN CRISTÓBAL DE TORONDOY','MUN-009'),
	 ('PAR-0028','TORONDOY','MUN-009'),
	 ('PAR-0029','INDEPENDENCIA','MUN-010'),
	 ('PAR-0030','MARÍA DE LA CONCEPCIÓN PALACIOS BLANCO','MUN-010');
INSERT INTO public.parrish ("code","name","municipality_code") VALUES
	 ('PAR-0031','NUEVA BOLIVIA','MUN-010'),
	 ('PAR-0032','SANTA APOLONIA','MUN-010'),
	 ('PAR-0033','MILLA','MUN-011'),
	 ('PAR-0034','EL MORRO','MUN-011'),
	 ('PAR-0035','LOS NEVADOS','MUN-011'),
	 ('PAR-0036','MARIANO PICÓN','MUN-011'),
	 ('PAR-0037','LASSO DE LA VEGA','MUN-011'),
	 ('PAR-0038','SAGRARIO','MUN-011'),
	 ('PAR-0039','EL LLANO','MUN-011'),
	 ('PAR-0040','ANTONIO SPINETTI DINI','MUN-011');
INSERT INTO public.parrish ("code","name","municipality_code") VALUES
	 ('PAR-0041','JUAN RODRÍGUEZ SUÁREZ','MUN-011'),
	 ('PAR-0042','OSUNA RODRÍGUEZ','MUN-011'),
	 ('PAR-0043','JACINTO PLAZA','MUN-011'),
	 ('PAR-0044','GONZALO PICÓN FEBRES','MUN-011'),
	 ('PAR-0045','ARIAS','MUN-011'),
	 ('PAR-0046','CARACCIOLO PARRA PÉREZ','MUN-011'),
	 ('PAR-0047','DOMINGO PEÑA','MUN-011'),
	 ('PAR-0048','LAS PIEDRAS','MUN-012'),
	 ('PAR-0049','SANTO DOMINGO','MUN-012'),
	 ('PAR-0050','TOVAR','MUN-013');
INSERT INTO public.parrish ("code","name","municipality_code") VALUES
	 ('PAR-0051','EL AMPARO','MUN-013'),
	 ('PAR-0052','SAN FRANCISCO','MUN-013'),
	 ('PAR-0053','EL LLANO','MUN-013'),
	 ('PAR-0054','SAN JOSÉ DEL SUR','MUN-014'),
	 ('PAR-0055','LA MESA','MUN-014'),
	 ('PAR-0056','FERNÁNDEZ PEÑA','MUN-014'),
	 ('PAR-0057','MATRIZ','MUN-014'),
	 ('PAR-0058','JAJÍ','MUN-014'),
	 ('PAR-0059','MONTALBÁN','MUN-014'),
	 ('PAR-0060','ACEQUIAS','MUN-014');
INSERT INTO public.parrish ("code","name","municipality_code") VALUES
	 ('PAR-0061','CHIGUARÁ','MUN-015'),
	 ('PAR-0062','ESTÁNQUEZ','MUN-015'),
	 ('PAR-0063','LAGUNILLAS','MUN-015'),
	 ('PAR-0064','LA TRAMPA','MUN-015'),
	 ('PAR-0065','PUEBLO NUEVO DEL SUR','MUN-015'),
	 ('PAR-0066','SAN JUAN','MUN-015'),
	 ('PAR-0067','ELOY PAREDES','MUN-016'),
	 ('PAR-0068','SAN RAFAEL DE ALCÁZAR','MUN-016'),
	 ('PAR-0069','SANTA ELENA DE ARENALES','MUN-016'),
	 ('PAR-0070','GUARAQUE','MUN-017');
INSERT INTO public.parrish ("code","name","municipality_code") VALUES
	 ('PAR-0071','MESA DE QUINTERO','MUN-017'),
	 ('PAR-0072','RÍO NEGRO','MUN-017'),
	 ('PAR-0073','PALMIRA(SAN JOSÉ DE PALMIRA)','MUN-018'),
	 ('PAR-0074','ARAPUEY','MUN-018'),
	 ('PAR-0075','GERÓNIMO MALDONADO','MUN-019'),
	 ('PAR-0076','BAILADORES','MUN-019'),
	 ('PAR-0077','LOS DIABLOS DE LLARE','MUN-019'),
	 ('PAR-0078','CANAGUA','MUN-020'),
	 ('PAR-0079','CAPURI','MUN-020'),
	 ('PAR-0080','GUAIMARAL','MUN-020');
INSERT INTO public.parrish ("code","name","municipality_code") VALUES
	 ('PAR-0081','MUCUTUY','MUN-020'),
	 ('PAR-0082','CHACANTÁ','MUN-020'),
	 ('PAR-0083','EL MOLINO','MUN-020'),
	 ('PAR-0084','MUCUCHACHÍ','MUN-020'),
	 ('PAR-0085','SANTA MARÍA DE CAPARO','MUN-021'),
	 ('PAR-0086','PUEBLO LLANO','MUN-022'),
	 ('PAR-0087','TABAY','MUN-023'),
	 ('PAR-0088','CABUDARE','MUN-024'),
	 ('PAR-0089','AGUA VIVA','MUN-024'),
	 ('PAR-0090','JOSE GREGORIO BASTIDAS','MUN-024');
INSERT INTO public.parrish ("code","name","municipality_code") VALUES
	 ('PAR-0091','PÍO TAMAYO','MUN-025'),
	 ('PAR-0092','YACAMBÚ','MUN-025'),
	 ('PAR-0093','QUEBRADA H DE GUACHE','MUN-025'),
	 ('PAR-0094','JOSÉ MARIA BLANCO','MUN-026'),
	 ('PAR-0095','FRÉITEZ','MUN-026'),
	 ('PAR-0096','JUAN BAUTISTA RODRIGUEZ(QUIBOR)','MUN-027'),
	 ('PAR-0097','JOSÉ BERNARDO DORANTE','MUN-027'),
	 ('PAR-0098','CUARA','MUN-027'),
	 ('PAR-0099','SAN MIGUEL','MUN-027'),
	 ('PAR-0100','CORONEL MARIANO PERAZA','MUN-027');
INSERT INTO public.parrish ("code","name","municipality_code") VALUES
	 ('PAR-0101','PARAÍSO DE SAN JOSÉ(AGUA NEGRA)','MUN-027'),
	 ('PAR-0102','DIEGO DE LOZADA(CUBIRO)','MUN-027'),
	 ('PAR-0103','TINTORERO','MUN-027'),
	 ('PAR-0104','GUARICO','MUN-028'),
	 ('PAR-0105','MORAN','MUN-028'),
	 ('PAR-0106','ANZOÁTEGUI','MUN-028'),
	 ('PAR-0107','HUMOCARO BAJO','MUN-028'),
	 ('PAR-0108','LA CANDELARIA','MUN-028'),
	 ('PAR-0109','BOLÍVAR','MUN-028'),
	 ('PAR-0110','HUMOCARO ALTO','MUN-028');
INSERT INTO public.parrish ("code","name","municipality_code") VALUES
	 ('PAR-0111','HILARIO LUNA Y LUNA','MUN-028'),
	 ('PAR-0112','TAMACA','MUN-029'),
	 ('PAR-0113','UNION','MUN-029'),
	 ('PAR-0114','AGUEDO FELIPE ALVARADO','MUN-029'),
	 ('PAR-0115','JUAN DE VILLEGAS','MUN-029'),
	 ('PAR-0116','EL CUJÍ','MUN-029'),
	 ('PAR-0117','SANTA ROSA','MUN-029'),
	 ('PAR-0118','BUENA VISTA','MUN-029'),
	 ('PAR-0119','CATEDRAL','MUN-029'),
	 ('PAR-0120','JUÁREZ','MUN-029');
INSERT INTO public.parrish ("code","name","municipality_code") VALUES
	 ('PAR-0121','LA CONCEPCIÓN','MUN-029'),
	 ('PAR-0122','SAN MIGUEL','MUN-030'),
	 ('PAR-0123','MOROTURO','MUN-030'),
	 ('PAR-0124','SIQUISIQUE','MUN-030'),
	 ('PAR-0125','XAGUAS','MUN-030'),
	 ('PAR-0126','EL BLANCO','MUN-031'),
	 ('PAR-0127','ANTONIO DÍAZ','MUN-031'),
	 ('PAR-0128','CAMACARO','MUN-031'),
	 ('PAR-0129','CASTAÑEDA','MUN-031'),
	 ('PAR-0130','CECILIO ZUBILLAGA','MUN-031');
INSERT INTO public.parrish ("code","name","municipality_code") VALUES
	 ('PAR-0131','TRINIDAD SAMUEL','MUN-031'),
	 ('PAR-0132','CHIQUINQUIRÁ','MUN-031'),
	 ('PAR-0133','REYES VARGAS','MUN-031'),
	 ('PAR-0134','ESPINOZA DE LOS MONTEROS','MUN-031'),
	 ('PAR-0135','LARA','MUN-031'),
	 ('PAR-0136','LAS MERCEDES','MUN-031'),
	 ('PAR-0137','MANUEL MORILLO','MUN-031'),
	 ('PAR-0138','MONTAÑA VERDE','MUN-031'),
	 ('PAR-0139','MONTES DE OCA','MUN-031'),
	 ('PAR-0140','TORRES','MUN-031');
INSERT INTO public.parrish ("code","name","municipality_code") VALUES
	 ('PAR-0141','ALTAGRACIA','MUN-031'),
	 ('PAR-0142','HERIBERTO','MUN-031'),
	 ('PAR-0143','GUSTAVO VEGAS LEÓN','MUN-032'),
	 ('PAR-0144','BURÍA','MUN-032'),
	 ('PAR-0145','GUATIRE','MUN-033'),
	 ('PAR-0146','BOLÍVAR','MUN-033'),
	 ('PAR-0147','CÚA','MUN-034'),
	 ('PAR-0148','NUEVA CÚA','MUN-034'),
	 ('PAR-0149','ALTAGRACIA DE LA MONTAÑA','MUN-035'),
	 ('PAR-0150','CECILIO ACOSTA','MUN-035');
INSERT INTO public.parrish ("code","name","municipality_code") VALUES
	 ('PAR-0151','LOS TEQUES','MUN-035'),
	 ('PAR-0152','EL JARILLO','MUN-035'),
	 ('PAR-0153','SAN PEDRO','MUN-035'),
	 ('PAR-0154','TÁCATA','MUN-035'),
	 ('PAR-0155','PARACOTOS','MUN-035'),
	 ('PAR-0156','LEONCI MARTÍNEZ','MUN-036'),
	 ('PAR-0157','CAUCAGÜITA','MUN-036'),
	 ('PAR-0158','FILAS DE MARICHE','MUN-036'),
	 ('PAR-0159','LA DOLORITA','MUN-036'),
	 ('PAR-0160','PETARE','MUN-036');
INSERT INTO public.parrish ("code","name","municipality_code") VALUES
	 ('PAR-0161','CÚPIRA','MUN-037'),
	 ('PAR-0162','MACHURUCUTO','MUN-037'),
	 ('PAR-0163','SAN ANTONIO DE YARE','MUN-038'),
	 ('PAR-0164','SAN FRANCISCO DE YARE','MUN-038'),
	 ('PAR-0165','CARTANAL','MUN-039'),
	 ('PAR-0166','SANTA TERESA DEL TUY','MUN-039'),
	 ('PAR-0167','LA DEMOCRACIA','MUN-040'),
	 ('PAR-0168','OCUMARE DEL TUY','MUN-040'),
	 ('PAR-0169','SANTA BÁRBARE','MUN-040'),
	 ('PAR-0170','SAN ANTONIO DE LOS ALTOS','MUN-041');
INSERT INTO public.parrish ("code","name","municipality_code") VALUES
	 ('PAR-0171','SANTA LUCÍA DEL TUY','MUN-042'),
	 ('PAR-0172','CUMBO','MUN-043'),
	 ('PAR-0173','SAN JOSÉ DE BARLOVENTO','MUN-043'),
	 ('PAR-0174','ARAGÜITA','MUN-044'),
	 ('PAR-0175','ARÉVALO GONZÁLEZ','MUN-044'),
	 ('PAR-0176','CAPAYA','MUN-044'),
	 ('PAR-0177','CAUCAGUA','MUN-044'),
	 ('PAR-0178','PANAQUIRE','MUN-044'),
	 ('PAR-0179','RIBAS','MUN-044'),
	 ('PAR-0180','EL CAFÉ','MUN-044');
INSERT INTO public.parrish ("code","name","municipality_code") VALUES
	 ('PAR-0181','MARIZAPA','MUN-044'),
	 ('PAR-0182','GUARENAS','MUN-045'),
	 ('PAR-0183','SANRA ROSALÍA DE PALERMO DE EL HATILLO','MUN-046'),
	 ('PAR-0184','CHARALLAVE','MUN-047'),
	 ('PAR-0185','LAS BRISAS','MUN-047'),
	 ('PAR-0186','CHACAO','MUN-048'),
	 ('PAR-0187','CARRIZAL','MUN-049'),
	 ('PAR-0188','MAMPORAL','MUN-050'),
	 ('PAR-0189','HIGUEROTE','MUN-051'),
	 ('PAR-0190','CURIEPE','MUN-051');
INSERT INTO public.parrish ("code","name","municipality_code") VALUES
	 ('PAR-0191','TACARIGUA DE BRIÓN','MUN-051'),
	 ('PAR-0192','EL CAFETAL','MUN-052'),
	 ('PAR-0193','LAS MINAS','MUN-052'),
	 ('PAR-0194','RÍO CHICO','MUN-053'),
	 ('PAR-0195','EL GUAAPO','MUN-053'),
	 ('PAR-0196','TACARIGUA DE LA LAGUNA','MUN-053'),
	 ('PAR-0197','PAPARO','MUN-053'),
	 ('PAR-0198','SAN FERNANDO DEL GUAPO','MUN-053'),
	 ('PAR-0199','SAN FRANCISCO','MUN-054'),
	 ('PAR-0200','TERESÉN','MUN-055');
INSERT INTO public.parrish ("code","name","municipality_code") VALUES
	 ('PAR-0201','SAN AGUSTÍN','MUN-055'),
	 ('PAR-0202','EL GUÁCHARO','MUN-055'),
	 ('PAR-0203','LA GUANOTA','MUN-055'),
	 ('PAR-0204','SABANA DE PIEDRA','MUN-055'),
	 ('PAR-0205','VIENTO FRESCO','MUN-056'),
	 ('PAR-0206','AREO','MUN-056'),
	 ('PAR-0207','SAN FÉLIX','MUN-056'),
	 ('PAR-0208','EL TEJERO','MUN-057'),
	 ('PAR-0209','CHAGUARAMAS','MUN-058'),
	 ('PAR-0210','LAS ALHUACAS','MUN-058');
INSERT INTO public.parrish ("code","name","municipality_code") VALUES
	 ('PAR-0211','TABASCA','MUN-058'),
	 ('PAR-0212','JUSEPÍN','MUN-059'),
	 ('PAR-0213','LA PICA','MUN-059'),
	 ('PAR-0214','SAN SIMÓN','MUN-059'),
	 ('PAR-0215','EL FURRIAL','MUN-059'),
	 ('PAR-0216','SAN VICENTE','MUN-059'),
	 ('PAR-0217','SANTA CRUZ','MUN-059'),
	 ('PAR-0218','BOQUERÓN','MUN-059'),
	 ('PAR-0219','ALTO DE LOS GODOS','MUN-059'),
	 ('PAR-0220','LAS COCUIZAS','MUN-059');
INSERT INTO public.parrish ("code","name","municipality_code") VALUES
	 ('PAR-0221','LA TOSCANA','MUN-060'),
	 ('PAR-0222','TAGUAYA','MUN-060'),
	 ('PAR-0223','GUANAGUANA','MUN-060'),
	 ('PAR-0224','EL PINTO','MUN-060'),
	 ('PAR-0225','CHAGUARAMAL','MUN-060'),
	 ('PAR-0226','APARICIO','MUN-060'),
	 ('PAR-0227','CACHIPO','MUN-061'),
	 ('PAR-0228','AGUASAY','MUN-062'),
	 ('PAR-0229','CARIPITO','MUN-063'),
	 ('PAR-0230','CACHIPO','MUN-064');
INSERT INTO public.parrish ("code","name","municipality_code") VALUES
	 ('PAR-0231','QUIRIQUIRE','MUN-064'),
	 ('PAR-0232','SANTA BÁRBARA','MUN-065'),
	 ('PAR-0233','MORÓN','MUN-065'),
	 ('PAR-0234','URACOA','MUN-066'),
	 ('PAR-0235','ANTOLÍN DEL CAMPO','MUN-067'),
	 ('PAR-0236','TUBORES','MUN-068'),
	 ('PAR-0237','LOS BARALES','MUN-068'),
	 ('PAR-0238','MARIÑO','MUN-069'),
	 ('PAR-0239','ARISMENDI','MUN-070'),
	 ('PAR-0240','SAN JUAN BAUTISTA','MUN-071');
INSERT INTO public.parrish ("code","name","municipality_code") VALUES
	 ('PAR-0241','ZABALA','MUN-071'),
	 ('PAR-0242','PENÍNSULA DE MACANAO','MUN-072'),
	 ('PAR-0243','SAN FRANCISCO','MUN-072'),
	 ('PAR-0244','CARCÍA','MUN-073'),
	 ('PAR-0245','FRANCISCO FAJARDO','MUN-073'),
	 ('PAR-0246','BOLÍVAR','MUN-074'),
	 ('PAR-0247','GUEVARA','MUN-074'),
	 ('PAR-0248','CERRO DE MATASIETE','MUN-074'),
	 ('PAR-0249','SANTA ANA','MUN-074'),
	 ('PAR-0250','SUCRE','MUN-074');
INSERT INTO public.parrish ("code","name","municipality_code") VALUES
	 ('PAR-0251','AGUIRRE','MUN-075'),
	 ('PAR-0252','MANEIRO','MUN-075'),
	 ('PAR-0253','ADRIÁN','MUN-076'),
	 ('PAR-0254','JUAN GRIEGO','MUN-076'),
	 ('PAR-0255','VICENTE FUENTES','MUN-077'),
	 ('PAR-0256','VILLALBA','MUN-077'),
	 ('PAR-0257','ANTOLIN TOVAR','MUN-078'),
	 ('PAR-0258','SANTA CRUZ','MUN-079'),
	 ('PAR-0259','CANELONES','MUN-079'),
	 ('PAR-0260','SAN ISIDRO LABRADOR','MUN-079');
INSERT INTO public.parrish ("code","name","municipality_code") VALUES
	 ('PAR-0261','SAN RAFAEL DE PALO ALZADO','MUN-080'),
	 ('PAR-0262','CONCEPCIÓN','MUN-080'),
	 ('PAR-0263','UVENCIO VELAZQUEZ','MUN-080'),
	 ('PAR-0264','SAN RAFAEL DE ONOTO','MUN-081'),
	 ('PAR-0265','CANO DELGADITO','MUN-082'),
	 ('PAR-0266','PAYARA','MUN-083'),
	 ('PAR-0267','PIMPINELA','MUN-083'),
	 ('PAR-0268','APARICIÓN','MUN-084'),
	 ('PAR-0269','JOSÉ VICENTE DE UNDA','MUN-085'),
	 ('PAR-0270','TRINIDAD DE LA CAPILLA','MUN-086');
INSERT INTO public.parrish ("code","name","municipality_code") VALUES
	 ('PAR-0271','SAN JOSE DE LA MONTAÑA','MUN-087'),
	 ('PAR-0272','SAN JUAN DE GUANAGUANARE','MUN-087'),
	 ('PAR-0273','CORDOVA','MUN-087'),
	 ('PAR-0274','VIRGEN DE LA COROMOTO','MUN-087'),
	 ('PAR-0275','UVERAL','MUN-088'),
	 ('PAR-0276','RIO ARICAGUA','MUN-089'),
	 ('PAR-0277','AGUA BLANCA','MUN-090'),
	 ('PAR-0278','FLORIDA','MUN-091'),
	 ('PAR-0279','SAN LORENZO','MUN-092'),
	 ('PAR-0280','CUMANACOA','MUN-092');
INSERT INTO public.parrish ("code","name","municipality_code") VALUES
	 ('PAR-0281','ARENAS','MUN-092'),
	 ('PAR-0282','ARICAGUA','MUN-092'),
	 ('PAR-0283','COCOLLAR','MUN-092'),
	 ('PAR-0284','SAN FERNANDO','MUN-092'),
	 ('PAR-0285','GÜIRIA','MUN-093'),
	 ('PAR-0286','BIDEAU','MUN-093'),
	 ('PAR-0287','CRISTÓBAL COLÓN','MUN-093'),
	 ('PAR-0288','PUNTA DE PIEDRAS','MUN-093'),
	 ('PAR-0289','SAN JUAN','MUN-094'),
	 ('PAR-0290','VALENTÍN VALIENTE','MUN-094');
INSERT INTO public.parrish ("code","name","municipality_code") VALUES
	 ('PAR-0291','SANTA FE','MUN-094'),
	 ('PAR-0292','SANTA INÉS','MUN-094'),
	 ('PAR-0293','AYACUCHO','MUN-094'),
	 ('PAR-0294','ALTAGRACIA','MUN-094'),
	 ('PAR-0295','RAÚL LEONI','MUN-094'),
	 ('PAR-0296','SANTA MARÍA','MUN-095'),
	 ('PAR-0297','SANTA CRUZ','MUN-095'),
	 ('PAR-0298','RENDÓN','MUN-095'),
	 ('PAR-0299','CARIACO	','MUN-095'),
	 ('PAR-0300','CATUARO','MUN-095');
INSERT INTO public.parrish ("code","name","municipality_code") VALUES
	 ('PAR-0301','TUNAPUY','MUN-096'),
	 ('PAR-0302','CAMPO ELÍAS','MUN-096'),
	 ('PAR-0303','ARAYA','MUN-097'),
	 ('PAR-0304','CHACOPATA','MUN-097'),
	 ('PAR-0305','MANICUARE','MUN-097'),
	 ('PAR-0306','YAGUARAPARO','MUN-098'),
	 ('PAR-0307','EL PAUJIL','MUN-098'),
	 ('PAR-0308','LIBERTAD','MUN-098'),
	 ('PAR-0309','EL PILAR','MUN-099'),
	 ('PAR-0310','EL RINCÓN','MUN-099');
INSERT INTO public.parrish ("code","name","municipality_code") VALUES
	 ('PAR-0311','GENERAL FRANCISCO ANTONIO VÁSQUEZ','MUN-099'),
	 ('PAR-0312','GUARAÚNOS','MUN-099'),
	 ('PAR-0313','TUNAPUICITO','MUN-099'),
	 ('PAR-0314','UNIÓN','MUN-099'),
	 ('PAR-0315','SAN JUAN DE LAS GALDONAS','MUN-100'),
	 ('PAR-0316','EL MORRO DE PUERTO SANTO','MUN-100'),
	 ('PAR-0317','ANTONIO JOSÉ DE SUCRE','MUN-100'),
	 ('PAR-0318','PUERTO SANTO','MUN-100'),
	 ('PAR-0319','RÍO CARIBE','MUN-100'),
	 ('PAR-0320','SAN ANTONIO DE IRAPA','MUN-101');
INSERT INTO public.parrish ("code","name","municipality_code") VALUES
	 ('PAR-0321','SORO','MUN-101'),
	 ('PAR-0322','CAMPO CLARO','MUN-101'),
	 ('PAR-0323','MARABAL','MUN-101'),
	 ('PAR-0324','IRAPA','MUN-101'),
	 ('PAR-0325','SANTA CATALINA','MUN-102'),
	 ('PAR-0326','SANTA ROSA','MUN-102'),
	 ('PAR-0327','MACARAPANA','MUN-102'),
	 ('PAR-0328','BOLÍVAR','MUN-102'),
	 ('PAR-0329','SANTA TERESA','MUN-102'),
	 ('PAR-0330','SAN JOSÉ DE AEROCUAR','MUN-103');
INSERT INTO public.parrish ("code","name","municipality_code") VALUES
	 ('PAR-0331','TAVERA ACOSTA','MUN-103'),
	 ('PAR-0332','MARIÑO','MUN-104'),
	 ('PAR-0333','RÓMULO GALLEGOS','MUN-104'),
	 ('PAR-0334','MARIGÜITAR','MUN-105'),
	 ('PAR-0335','SAN ANTONIO DEL GOLFO','MUN-106'),
	 ('PAR-0336','JUAN PABLO PEÑALOZA','MUN-107'),
	 ('PAR-0337','POTOSÍ','MUN-107'),
	 ('PAR-0338','CÁRDENAS','MUN-107'),
	 ('PAR-0339','LA PALMITA','MUN-108'),
	 ('PAR-0340','NUEVA ARCADIA','MUN-109');
INSERT INTO public.parrish ("code","name","municipality_code") VALUES
	 ('PAR-0341','HERNÁNDEZ','MUN-110'),
	 ('PAR-0342','BOCONÓ','MUN-110'),
	 ('PAR-0343','ELEAZAR LÓPEZ CONTRERAS','MUN-111'),
	 ('PAR-0344','SAN PABLO','MUN-111'),
	 ('PAR-0345','CONSTITUCIÓN','MUN-112'),
	 ('PAR-0346','LA CONCORDIA','MUN-113'),
	 ('PAR-0347','PEDRO MARÍA MORANTES','MUN-113'),
	 ('PAR-0348','SAN JUAN BAUTISTA','MUN-113'),
	 ('PAR-0349','SAN SEBASTIÁN','MUN-113'),
	 ('PAR-0350','DR. FRANCISCO ROMERO LOBO','MUN-113');
INSERT INTO public.parrish ("code","name","municipality_code") VALUES
	 ('PAR-0351','PALOTAL','MUN-114'),
	 ('PAR-0352','JUAN VICENTE GÓMEZ','MUN-114'),
	 ('PAR-0353','ISAÍAS MEDINA ANGARITA','MUN-114'),
	 ('PAR-0354','CIPRIANO CASTRO','MUN-115'),
	 ('PAR-0355','MANUEL FELIPE RUGELES','MUN-115'),
	 ('PAR-0356','QUINIMARÍ','MUN-116'),
	 ('PAR-0357','BRAMÓN','MUN-116'),
	 ('PAR-0358','LA PETRÓLEA','MUN-116'),
	 ('PAR-0359','EMILIO CONSTANTINO GUERRERO','MUN-117'),
	 ('PAR-0360','MONSEÑOR MIGUEL ANTONIO SALAS','MUN-117');
INSERT INTO public.parrish ("code","name","municipality_code") VALUES
	 ('PAR-0361','JUAN GERMÁN ROSCIO','MUN-118'),
	 ('PAR-0362','ROMÁN CÁRDENAS','MUN-118'),
	 ('PAR-0363','ALBERTO ADRIANI','MUN-119'),
	 ('PAR-0364','SANTO DOMINGO','MUN-119'),
	 ('PAR-0365','AMENODORO RANGEL LAMÚS','MUN-120'),
	 ('PAR-0366','LA FLORIDA','MUN-120'),
	 ('PAR-0367','BOCA DE GRITA','MUN-121'),
	 ('PAR-0368','JOSÉ ANTONIO PÁEZ','MUN-121'),
	 ('PAR-0369','RIVAS BERTI','MUN-122'),
	 ('PAR-0370','SAN PEDRO DEL RÍO','MUN-122');
INSERT INTO public.parrish ("code","name","municipality_code") VALUES
	 ('PAR-0371','EMETERIO OCHOA','MUN-123'),
	 ('PAR-0372','DORADAS','MUN-123'),
	 ('PAR-0373','SAN JOAQUÍN DE NAVAY','MUN-123'),
	 ('PAR-0374','CORDERO','MUN-124'),
	 ('PAR-0375','LAS MESAS','MUN-125'),
	 ('PAR-0376','SANTA ANA DEL TÁCHIRA','MUN-126'),
	 ('PAR-0377','SAN JOSÉ DE BOLÍVAR','MUN-127'),
	 ('PAR-0378','PALMIRA','MUN-128'),
	 ('PAR-0379','EL COBRE','MUN-129'),
	 ('PAR-0380','MICHELENA','MUN-130');
INSERT INTO public.parrish ("code","name","municipality_code") VALUES
	 ('PAR-0381','DELICIAS','MUN-131'),
	 ('PAR-0382','UMUQUENA','MUN-132'),
	 ('PAR-0383','SEBORUCO','MUN-133'),
	 ('PAR-0384','SAN SIMÓN','MUN-134'),
	 ('PAR-0385','SAN JOSECITO','MUN-135'),
	 ('PAR-0386','ESCUQUE','MUN-136'),
	 ('PAR-0387','SANTA RITA','MUN-136'),
	 ('PAR-0388','SABANA LIBRE','MUN-136'),
	 ('PAR-0389','LA UNIÓN','MUN-136'),
	 ('PAR-0390','VALMORE RODRÍGUEZ','MUN-137');
INSERT INTO public.parrish ("code","name","municipality_code") VALUES
	 ('PAR-0391','JUNÍN','MUN-137'),
	 ('PAR-0392','EL PARAÍSO','MUN-137'),
	 ('PAR-0393','SABANA DE MENDOZA','MUN-137'),
	 ('PAR-0394','JOSÉ LEONARDO SUÁREZ','MUN-138'),
	 ('PAR-0395','CAMPO ALEGRE','MUN-138'),
	 ('PAR-0396','ANTONIO NICOLÁS BRICEÑO','MUN-138'),
	 ('PAR-0397','CARVAJAL','MUN-138'),
	 ('PAR-0398','LA PUEBLITA','MUN-139'),
	 ('PAR-0399','JOSÉ GREGORIO HERNÁNDEZ','MUN-139'),
	 ('PAR-0400','LOS CEDROS','MUN-139');
INSERT INTO public.parrish ("code","name","municipality_code") VALUES
	 ('PAR-0401','FLOR DE PATRIA','MUN-140'),
	 ('PAR-0402','LA PAZ','MUN-140'),
	 ('PAR-0403','SANTA ANA','MUN-140'),
	 ('PAR-0404','MONTE CARMELO','MUN-141'),
	 ('PAR-0405','SANTA MARÍA DEL HORCÓN','MUN-141'),
	 ('PAR-0406','VALERITA','MUN-141'),
	 ('PAR-0407','BUENA VISTA','MUN-141'),
	 ('PAR-0408','MOTATÁN','MUN-141'),
	 ('PAR-0409','EL CENIZO','MUN-142'),
	 ('PAR-0410','EL DIVIDIVE','MUN-142');
INSERT INTO public.parrish ("code","name","municipality_code") VALUES
	 ('PAR-0411','AGUA SANTA','MUN-142'),
	 ('PAR-0412','AGUA CALIENTE','MUN-142'),
	 ('PAR-0413','MONSEÑOR CARRILLO','MUN-143'),
	 ('PAR-0414','CRISTÓBAL MENDOZA','MUN-143'),
	 ('PAR-0415','MATRIZ','MUN-143'),
	 ('PAR-0416','CRUZ CARRILLO','MUN-143'),
	 ('PAR-0417','ANDRÉS LINARES','MUN-143'),
	 ('PAR-0418','CHIQUINQUIRÁ','MUN-143'),
	 ('PAR-0419','TRES ESQUINAS','MUN-143'),
	 ('PAR-0420','LOS CAPRICHOS','MUN-144');
INSERT INTO public.parrish ("code","name","municipality_code") VALUES
	 ('PAR-0421','ANTONIO JOSÉ DE SUCRE','MUN-144'),
	 ('PAR-0422','EL SOCORRO','MUN-144'),
	 ('PAR-0423','PAMPANITO II','MUN-145'),
	 ('PAR-0424','PAMPANITO','MUN-145'),
	 ('PAR-0425','LA CONCEPCIÓN','MUN-145'),
	 ('PAR-0426','BETIJOQUE','MUN-145'),
	 ('PAR-0427','SANTA CRUZ','MUN-146'),
	 ('PAR-0428','PANAMERICANA','MUN-146'),
	 ('PAR-0429','LA CONCEPCIÓN','MUN-146'),
	 ('PAR-0430','CARACHE','MUN-146');
INSERT INTO public.parrish ("code","name","municipality_code") VALUES
	 ('PAR-0431','CUICAS','MUN-146'),
	 ('PAR-0432','CHEJENDÉ','MUN-147'),
	 ('PAR-0433','BOLIVIA','MUN-147'),
	 ('PAR-0434','MANUEL SALVADOR ULLOA','MUN-147'),
	 ('PAR-0435','ARNOLDO GABALDÓN','MUN-147'),
	 ('PAR-0436','CARRILLO','MUN-147'),
	 ('PAR-0437','CEGARRA','MUN-147'),
	 ('PAR-0438','SAN JOSÉ','MUN-147'),
	 ('PAR-0439','SABANA GRANDE','MUN-148'),
	 ('PAR-0440','CHEREGÜÉ','MUN-148');
INSERT INTO public.parrish ("code","name","municipality_code") VALUES
	 ('PAR-0441','GRANADOS','MUN-148'),
	 ('PAR-0442','SAN JOSÉ','MUN-149'),
	 ('PAR-0443','SAN MIGUEL','MUN-149'),
	 ('PAR-0444','RAFAEL RANGEL','MUN-149'),
	 ('PAR-0445','EL CARMEN','MUN-149'),
	 ('PAR-0446','MONSEÑOR JÁUREGUI','MUN-149'),
	 ('PAR-0447','VEGA DE GUARAMACAL','MUN-149'),
	 ('PAR-0448','GUARAMACAL','MUN-149'),
	 ('PAR-0449','GENERAL RIVAS','MUN-149'),
	 ('PAR-0450','BURBUSAY','MUN-149');
INSERT INTO public.parrish ("code","name","municipality_code") VALUES
	 ('PAR-0451','MOSQUEY','MUN-149'),
	 ('PAR-0452','BOCONÓ','MUN-149'),
	 ('PAR-0453','AYACUCHO','MUN-149'),
	 ('PAR-0454','LA ESPERANZA','MUN-150'),
	 ('PAR-0455','EL JAGÜITO','MUN-150'),
	 ('PAR-0456','SANTA ISABEL','MUN-150'),
	 ('PAR-0457','ARAGUANEY','MUN-150'),
	 ('PAR-0458','CAMPO ELÍAS','MUN-151'),
	 ('PAR-0459','ARNOLDO GABALDÓN','MUN-151'),
	 ('PAR-0460','LA PUERTA','MUN-152');
INSERT INTO public.parrish ("code","name","municipality_code") VALUES
	 ('PAR-0461','JUAN IGNACIO MONTILLA','MUN-152'),
	 ('PAR-0462','LA BEATRIZ','MUN-152'),
	 ('PAR-0463','SAN LUIS','MUN-152'),
	 ('PAR-0464','MENDOZA','MUN-152'),
	 ('PAR-0465','MERCEDES DÍAZ','MUN-152'),
	 ('PAR-0466','TRES DE FEBRERO','MUN-153'),
	 ('PAR-0467','SANTA APOLONIA','MUN-153'),
	 ('PAR-0468','EL PROGRESO','MUN-153'),
	 ('PAR-0469','LA CEIBA','MUN-153'),
	 ('PAR-0470','PAMPÁN','MUN-154');
INSERT INTO public.parrish ("code","name","municipality_code") VALUES
	 ('PAR-0471','JALISCO','MUN-154'),
	 ('PAR-0472','EL BAÑO','MUN-154'),
	 ('PAR-0473','CABIMBÚ','MUN-155'),
	 ('PAR-0474','JAJÓ','MUN-155'),
	 ('PAR-0475','LA MESA','MUN-155'),
	 ('PAR-0476','SANTIAGO','MUN-155'),
	 ('PAR-0477','LA QUEBRADA','MUN-155'),
	 ('PAR-0478','TUÑAME','MUN-155'),
	 ('PAR-0479','CATIA LA MAR','MUN-156'),
	 ('PAR-0480','CARAYACA','MUN-156');
INSERT INTO public.parrish ("code","name","municipality_code") VALUES
	 ('PAR-0481','MAIQUETÍA','MUN-156'),
	 ('PAR-0482','CARABALLEDA','MUN-156'),
	 ('PAR-0483','LA GUAIRA','MUN-156'),
	 ('PAR-0484','MACUTO','MUN-156'),
	 ('PAR-0485','NAIGUATÁ','MUN-156'),
	 ('PAR-0486','CARUAO','MUN-156'),
	 ('PAR-0487','RAÚL LEONI','MUN-156'),
	 ('PAR-0488','CARLOS SOUBLETTE','MUN-156'),
	 ('PAR-0489','EL JUNKO','MUN-156'),
	 ('PAR-0490','EL GUAYABO','MUN-157');
INSERT INTO public.parrish ("code","name","municipality_code") VALUES
	 ('PAR-0491','MANUEL MONGE','MUN-158'),
	 ('PAR-0492','SALOM','MUN-159'),
	 ('PAR-0493','TEMERLA','MUN-159'),
	 ('PAR-0494','NIRGUA','MUN-159'),
	 ('PAR-0495','SAN ANDRES','MUN-160'),
	 ('PAR-0496','YARITAGUA','MUN-160'),
	 ('PAR-0497','URACHICHE','MUN-161'),
	 ('PAR-0498','LA TRINIDAD','MUN-162'),
	 ('PAR-0499','JOSÉ ANTONIO PÁEZ','MUN-163'),
	 ('PAR-0500','COCOROTE','MUN-164');
INSERT INTO public.parrish ("code","name","municipality_code") VALUES
	 ('PAR-0501','CHIVACOA','MUN-165'),
	 ('PAR-0502','CAMPO ELÍAS','MUN-165'),
	 ('PAR-0503','BOLÍVAR','MUN-166'),
	 ('PAR-0504','ARÍSTIDES BASTIDAS','MUN-167'),
	 ('PAR-0505','INDEPENDENCIA','MUN-168'),
	 ('PAR-0506','SUCRE','MUN-169'),
	 ('PAR-0507','SAN FELIPE','MUN-170'),
	 ('PAR-0508','ALBARICO','MUN-170'),
	 ('PAR-0509','SAN JAVIER','MUN-170'),
	 ('PAR-0510','GENERAL URDANETA','MUN-171');
INSERT INTO public.parrish ("code","name","municipality_code") VALUES
	 ('PAR-0511','PUEBLO NUEVO','MUN-171'),
	 ('PAR-0512','MARCELINO BRICEÑO','MUN-171'),
	 ('PAR-0513','SAN TIMOTEO','MUN-171'),
	 ('PAR-0514','MANUEL GUANIPA MATOS','MUN-171'),
	 ('PAR-0515','LIBERTADOR','MUN-171'),
	 ('PAR-0516','JESÚS MARÍA SEMPRÚN','MUN-172'),
	 ('PAR-0517','BARÍ','MUN-172'),
	 ('PAR-0518','LA CONCEPCIÓN','MUN-173'),
	 ('PAR-0519','JOSÉ RAMÓN YÉPEZ','MUN-173'),
	 ('PAR-0520','SAN JOSÉ','MUN-173');
INSERT INTO public.parrish ("code","name","municipality_code") VALUES
	 ('PAR-0521','MARIANO PARRA LEÓN','MUN-173'),
	 ('PAR-0522','SIMÓN RODRÍGUEZ','MUN-174'),
	 ('PAR-0523','CARLOS QUEVEDO','MUN-174'),
	 ('PAR-0524','FRANCISCO JAVIER PULGAR','MUN-174'),
	 ('PAR-0525','MORALITO','MUN-175'),
	 ('PAR-0526','SANTA CRUZ DEL ZULIA','MUN-175'),
	 ('PAR-0527','URRIBARRI','MUN-175'),
	 ('PAR-0528','SANTA BÁRBARA','MUN-175'),
	 ('PAR-0529','SAN CARLOS DEL ZULIA','MUN-175'),
	 ('PAR-0530','MANUEL MANRIQUE','MUN-176');
INSERT INTO public.parrish ("code","name","municipality_code") VALUES
	 ('PAR-0531','RAFAEL MARÍA BARALT','MUN-176'),
	 ('PAR-0532','RAFAEL URDANETA','MUN-176'),
	 ('PAR-0533','CARMEN HERRERA','MUN-177'),
	 ('PAR-0534','PUNTA GORDA','MUN-177'),
	 ('PAR-0535','SAN BENITO','MUN-177'),
	 ('PAR-0536','RÓMULO BETANCOURT','MUN-177'),
	 ('PAR-0537','JORGE HERNÁNDEZ','MUN-177'),
	 ('PAR-0538','GERMÁN RÍOS LINARES','MUN-177'),
	 ('PAR-0539','AMBROSIO','MUN-177'),
	 ('PAR-0540','LA ROSA','MUN-177');
INSERT INTO public.parrish ("code","name","municipality_code") VALUES
	 ('PAR-0541','ARÍSTIDES CALVANI','MUN-177'),
	 ('PAR-0542','ISLA DE TOAS','MUN-178'),
	 ('PAR-0543','MONAGAS','MUN-178'),
	 ('PAR-0544','CONCEPCIÓN','MUN-179'),
	 ('PAR-0545','CHIQUINQUIRÁ','MUN-179'),
	 ('PAR-0546','EL CARMELO','MUN-179'),
	 ('PAR-0547','POTRERITOS','MUN-179'),
	 ('PAR-0548','UDÓN PÉREZ','MUN-180'),
	 ('PAR-0549','ENCONTRADOS','MUN-180'),
	 ('PAR-0550','ALTA GUAJIRA','MUN-181');
INSERT INTO public.parrish ("code","name","municipality_code") VALUES
	 ('PAR-0551','ELÍAS SÁNCHEZ RUBIO','MUN-181'),
	 ('PAR-0552','GUAJIRA','MUN-181'),
	 ('PAR-0553','SINAMAICA','MUN-181'),
	 ('PAR-0554','RAÚL CUENCA','MUN-182'),
	 ('PAR-0555','LA VICTORIA','MUN-182'),
	 ('PAR-0556','RAFAEL URDANETA','MUN-182'),
	 ('PAR-0557','HERAS','MUN-183'),
	 ('PAR-0558','BOBURES','MUN-183'),
	 ('PAR-0559','EL BATEY','MUN-183'),
	 ('PAR-0560','GIBRALTAR','MUN-183');
INSERT INTO public.parrish ("code","name","municipality_code") VALUES
	 ('PAR-0561','MONSEÑOR ARTURO CELESTINO ÁLVAREZ','MUN-183'),
	 ('PAR-0562','RÓMULO GALLEGOS','MUN-183'),
	 ('PAR-0563','SANTA RITA','MUN-184'),
	 ('PAR-0564','EL MENE','MUN-184'),
	 ('PAR-0565','JOSÉ CENOVIO URRIBARRI','MUN-184'),
	 ('PAR-0566','PEDRO LUCAS URRIBARRI','MUN-184'),
	 ('PAR-0567','DOMITILA FLORES','MUN-185'),
	 ('PAR-0568','LOS CORTIJOS','MUN-185'),
	 ('PAR-0569','FRANCISCO OCHOA','MUN-185'),
	 ('PAR-0570','MARCIAL HERNÁNDEZ','MUN-185');
INSERT INTO public.parrish ("code","name","municipality_code") VALUES
	 ('PAR-0571','SAN FRANCISCO','MUN-185'),
	 ('PAR-0572','EL BAJO','MUN-185'),
	 ('PAR-0573','SIXTO ZAMBRANO','MUN-186'),
	 ('PAR-0574','DONALDO GARCÍA','MUN-186'),
	 ('PAR-0575','EL ROSARIO','MUN-186'),
	 ('PAR-0576','VENEZUELA','MUN-187'),
	 ('PAR-0577','CAMPO LARA','MUN-187'),
	 ('PAR-0578','ELEAZAR LÓPEZ','MUN-187'),
	 ('PAR-0579','ALONSO DE OJEDA','MUN-187'),
	 ('PAR-0580','LIBERTAD','MUN-187');
INSERT INTO public.parrish ("code","name","municipality_code") VALUES
	 ('PAR-0581','LIBERTAD','MUN-188'),
	 ('PAR-0582','SAN JOSÉ DE PERIJÁ','MUN-188'),
	 ('PAR-0583','RÍO NEGRO','MUN-188'),
	 ('PAR-0584','BARTOLOMÉ DE LAS CASAS','MUN-188'),
	 ('PAR-0585','LA SIERRITA','MUN-189'),
	 ('PAR-0586','LAS PARCELAS','MUN-189'),
	 ('PAR-0587','LUIS DE VICENTE','MUN-189'),
	 ('PAR-0588','MONSEÑOR MARCOS SERGIO GODOY','MUN-189'),
	 ('PAR-0589','RICAURTE','MUN-189'),
	 ('PAR-0590','TAMARE','MUN-189');
INSERT INTO public.parrish ("code","name","municipality_code") VALUES
	 ('PAR-0591','SAN RAFAEL','MUN-189'),
	 ('PAR-0592','SAN JOSÉ','MUN-190'),
	 ('PAR-0593','ALTAGRACIA','MUN-190'),
	 ('PAR-0594','ANA MARÍA CAMPOS','MUN-190'),
	 ('PAR-0596','SAN ANTONIO','MUN-190'),
	 ('PAR-0597','FARÍA','MUN-190'),
	 ('PAR-0598','SAN ISIDRO','MUN-191'),
	 ('PAR-0599','BOLÍVAR','MUN-191'),
	 ('PAR-0600','CARACCIOLO PARRA PÉREZ','MUN-191'),
	 ('PAR-0601','CECILIO ACOSTA','MUN-191');
INSERT INTO public.parrish ("code","name","municipality_code") VALUES
	 ('PAR-0602','COQUIVACOA','MUN-191'),
	 ('PAR-0603','ANTONIO BORJAS ROMERO','MUN-191'),
	 ('PAR-0604','VENANCIO PULGAR','MUN-191'),
	 ('PAR-0605','SANTA LUCÍA','MUN-191'),
	 ('PAR-0606','RAÚL LEONI','MUN-191'),
	 ('PAR-0607','OLEGARIO VILLALOBOS','MUN-191'),
	 ('PAR-0608','MANUEL DAGNINO','MUN-191'),
	 ('PAR-0609','LUIS HURTADO HIGUERA','MUN-191'),
	 ('PAR-0610','JUANA DE ÁVILA','MUN-191'),
	 ('PAR-0611','IDELFONSO VÁSQUEZ','MUN-191');
INSERT INTO public.parrish ("code","name","municipality_code") VALUES
	 ('PAR-0612','FRANCISCO EUGENIO BUSTAMANTE','MUN-191'),
	 ('PAR-0613','CHIQUINQUIRÁ','MUN-191'),
	 ('PAR-0614','CRISTO DE ARANZA','MUN-191'),
	 ('PAR-0615','CACIQUE MARA','MUN-191'),
	 ('PAR-0616','HUACHAMACARE','MUN-192'),
	 ('PAR-0617','LA ESMERALDA','MUN-192'),
	 ('PAR-0618','SIERRA PARIMA','MUN-192'),
	 ('PAR-0619','ATABAPO','MUN-193'),
	 ('PAR-0620','CANAME','MUN-193'),
	 ('PAR-0621','UCATA','MUN-193');
INSERT INTO public.parrish ("code","name","municipality_code") VALUES
	 ('PAR-0622','YAPACANA','MUN-193'),
	 ('PAR-0623','FERNANDO GIRÓN TOVAR','MUN-194'),
	 ('PAR-0624','LUIS ALBERTO GÓMEZ','MUN-194'),
	 ('PAR-0625','PARHUEÑA','MUN-194'),
	 ('PAR-0626','PLATANILLAL','MUN-194'),
	 ('PAR-0627','GUAYAPO','MUN-195'),
	 ('PAR-0628','ISLA RATÓN','MUN-195'),
	 ('PAR-0629','MUNDIAPO','MUN-195'),
	 ('PAR-0630','SAMARIPO','MUN-195'),
	 ('PAR-0631','SIPAPO','MUN-195');
INSERT INTO public.parrish ("code","name","municipality_code") VALUES
	 ('PAR-0632','ALTO VENTUARI','MUN-196'),
	 ('PAR-0633','BAJO VENTUARI','MUN-196'),
	 ('PAR-0634','MEDIO VENTUARI','MUN-196'),
	 ('PAR-0635','MANAPIARE','MUN-196'),
	 ('PAR-0636','COMUNIDAD','MUN-197'),
	 ('PAR-0637','MAROA','MUN-197'),
	 ('PAR-0638','VICTORINO','MUN-197'),
	 ('PAR-0639','CASIQUIARE','MUN-198'),
	 ('PAR-0640','COCUY','MUN-198'),
	 ('PAR-0641','SAN CARLOS','MUN-198');
INSERT INTO public.parrish ("code","name","municipality_code") VALUES
	 ('PAR-0642','SOLANO','MUN-198'),
	 ('PAR-0643','ANACO','MUN-199'),
	 ('PAR-0644','SAN JOAQUÍN','MUN-199'),
	 ('PAR-0645','BUENA VISTA','MUN-199'),
	 ('PAR-0646','CACHIPO','MUN-200'),
	 ('PAR-0647','ARAGUA DE BARCELONA','MUN-200'),
	 ('PAR-0648','LECHERÍA','MUN-201'),
	 ('PAR-0649','EL MORRO','MUN-201'),
	 ('PAR-0650','PUERTO PÍRITU','MUN-202'),
	 ('PAR-0651','SAN MIGUEL','MUN-202');
INSERT INTO public.parrish ("code","name","municipality_code") VALUES
	 ('PAR-0652','SUCRE','MUN-202'),
	 ('PAR-0653','VALLE DE GUANAPE','MUN-203'),
	 ('PAR-0654','SANTA BÁRBARA','MUN-203'),
	 ('PAR-0655','ATAPIRIRE','MUN-204'),
	 ('PAR-0656','BOCA DEL PAO','MUN-204'),
	 ('PAR-0657','EL PAO','MUN-204'),
	 ('PAR-0658','PARIAGUÁN','MUN-204'),
	 ('PAR-0659','GUANTA','MUN-205'),
	 ('PAR-0660','CHORRERÓN','MUN-205'),
	 ('PAR-0661','MAMO','MUN-206');
INSERT INTO public.parrish ("code","name","municipality_code") VALUES
	 ('PAR-0662','SOLEDAD','MUN-206'),
	 ('PAR-0663','MAPIRE','MUN-207'),
	 ('PAR-0664','PIAR','MUN-207'),
	 ('PAR-0665','SANTA CLARA','MUN-207'),
	 ('PAR-0666','SAN DIEGO DE CABRUTICA','MUN-207'),
	 ('PAR-0667','UVERITO','MUN-207'),
	 ('PAR-0668','ZUATA','MUN-207'),
	 ('PAR-0669','PUERTO LA CRUZ','MUN-208'),
	 ('PAR-0670','POZUELOS','MUN-208'),
	 ('PAR-0671','ONOTO','MUN-209');
INSERT INTO public.parrish ("code","name","municipality_code") VALUES
	 ('PAR-0672','SAN PABLO','MUN-209'),
	 ('PAR-0673','SAN MATEO','MUN-210'),
	 ('PAR-0674','EL CARITO','MUN-210'),
	 ('PAR-0675','SANTA INÉS','MUN-210'),
	 ('PAR-0676','LA ROMEREÑA','MUN-210'),
	 ('PAR-0677','CLARINES','MUN-211'),
	 ('PAR-0678','GUANAPE','MUN-211'),
	 ('PAR-0679','SABANA DE UCHIRE','MUN-211'),
	 ('PAR-0680','CANTAURA','MUN-212'),
	 ('PAR-0681','LIBERTADOR','MUN-212');
INSERT INTO public.parrish ("code","name","municipality_code") VALUES
	 ('PAR-0682','SANTA ROSA','MUN-212'),
	 ('PAR-0683','URICA','MUN-212'),
	 ('PAR-0684','PÍRITU','MUN-213'),
	 ('PAR-0685','SAN FRANCISCO','MUN-213'),
	 ('PAR-0686','SAN JOSÉ DE GUANIPA','MUN-214'),
	 ('PAR-0687','BOCA DE UCHIRE','MUN-215'),
	 ('PAR-0688','BOCA DE CHÁVEZ','MUN-215'),
	 ('PAR-0689','PUEBLO NUEVO','MUN-216'),
	 ('PAR-0690','SANTA ANA','MUN-216'),
	 ('PAR-0691','BERGANTÍN','MUN-217');
INSERT INTO public.parrish ("code","name","municipality_code") VALUES
	 ('PAR-0692','CAIGUA','MUN-217'),
	 ('PAR-0693','EL CARMEN','MUN-217'),
	 ('PAR-0694','EL PILAR','MUN-217'),
	 ('PAR-0695','NARICUAL','MUN-217'),
	 ('PAR-0696','SAN CRISTÓBAL','MUN-217'),
	 ('PAR-0697','EDMUNDO BARRIOS','MUN-218'),
	 ('PAR-0698','MIGUEL OTERO SILVA','MUN-218'),
	 ('PAR-0699','EL CHAPARRO','MUN-219'),
	 ('PAR-0700','TOMÁS ALFARO','MUN-219'),
	 ('PAR-0701','CALATRAVA','MUN-219');
INSERT INTO public.parrish ("code","name","municipality_code") VALUES
	 ('PAR-0702','GUASDUALITO','MUN-220'),
	 ('PAR-0703','ARAMENDI','MUN-220'),
	 ('PAR-0704','EL AMPARO','MUN-220'),
	 ('PAR-0705','SAN CAMILO','MUN-220'),
	 ('PAR-0706','URDANETA','MUN-220'),
	 ('PAR-0707','BRUZUAL','MUN-221'),
	 ('PAR-0708','MANTECAL','MUN-221'),
	 ('PAR-0709','QUINTERO','MUN-221'),
	 ('PAR-0710','RINCÓN HONDO','MUN-221'),
	 ('PAR-0711','SAN VICENTE','MUN-221');
INSERT INTO public.parrish ("code","name","municipality_code") VALUES
	 ('PAR-0712','BIRUACA','MUN-222'),
	 ('PAR-0713','ACHAGUAS','MUN-223'),
	 ('PAR-0714','APURITO','MUN-223'),
	 ('PAR-0715','EL YAGUAL','MUN-223'),
	 ('PAR-0716','GUACHARA','MUN-223'),
	 ('PAR-0717','MUCURITAS','MUN-223'),
	 ('PAR-0718','QUESERAS DEL MEDIO','MUN-223'),
	 ('PAR-0719','SAN JUAN DE PAYARA','MUN-224'),
	 ('PAR-0720','CODAZZI','MUN-224'),
	 ('PAR-0721','CUNAVICHE','MUN-224');
INSERT INTO public.parrish ("code","name","municipality_code") VALUES
	 ('PAR-0722','ELORZA','MUN-225'),
	 ('PAR-0723','LA TRINIDAD','MUN-225'),
	 ('PAR-0724','SAN FERNANDO','MUN-226'),
	 ('PAR-0725','EL RECREO','MUN-226'),
	 ('PAR-0726','PEÑALVER','MUN-226'),
	 ('PAR-0727','SAN RAFAEL DE ATAMAICA','MUN-226'),
	 ('PAR-0728','VALLE MORÍN','MUN-227'),
	 ('PAR-0729','GÜIRIPA','MUN-227'),
	 ('PAR-0730','OLLAS DE CARAMACATE','MUN-227'),
	 ('PAR-0731','CAÑA DE AZÚCAR','MUN-228');
INSERT INTO public.parrish ("code","name","municipality_code") VALUES
	 ('PAR-0732','FRANCISCO DE MIRANDA','MUN-229'),
	 ('PAR-0733','MONSEÑOR FELICIANO GONZÁLEZ','MUN-229'),
	 ('PAR-0734','AUGUSTO MIJARES','MUN-230'),
	 ('PAR-0735','MAGDALENO','MUN-230'),
	 ('PAR-0736','SAN FRANCISCO DE ASÍS','MUN-230'),
	 ('PAR-0737','VALLES DE TUCUTUNEMO','MUN-230'),
	 ('PAR-0738','LAS PEÑITAS','MUN-231'),
	 ('PAR-0739','SAN FRANCISCO DE CARA','MUN-231'),
	 ('PAR-0740','TAGUAY','MUN-231'),
	 ('PAR-0741','BELLA VISTA','MUN-232');
INSERT INTO public.parrish ("code","name","municipality_code") VALUES
	 ('PAR-0742','CHORONÍ','MUN-233'),
	 ('PAR-0743','LAS DELICIAS','MUN-233'),
	 ('PAR-0744','MADRE MARÍA DE SAN JOSÉ','MUN-233'),
	 ('PAR-0745','JOAQUÍN CRESPO','MUN-233'),
	 ('PAR-0746','PEDRO JOSÉ OVALLES','MUN-233'),
	 ('PAR-0747','JOSÉ CASANOVA GODOY','MUN-233'),
	 ('PAR-0748','ANDRÉS ELOY BLANCO','MUN-233'),
	 ('PAR-0749','LOS TACARIGUAS','MUN-233'),
	 ('PAR-0750','CHUAO','MUN-234'),
	 ('PAR-0751','ALFREDO PACHECO MIRANDA','MUN-234');
INSERT INTO public.parrish ("code","name","municipality_code") VALUES
	 ('PAR-0752','SAMÁN DE GÜERE','MUN-234'),
	 ('PAR-0753','ARÉVALO APONTE','MUN-234'),
	 ('PAR-0754','SAN MARTÍN DE PORRES','MUN-235'),
	 ('PAR-0755','CARMEN DE CURA','MUN-236'),
	 ('PAR-0756','TIARA','MUN-237'),
	 ('PAR-0757','PAO DE ZÁRATE','MUN-238'),
	 ('PAR-0758','ZUATA','MUN-238'),
	 ('PAR-0759','LAS GUACAMAYAS','MUN-238'),
	 ('PAR-0760','CASTOR NIEVES RÍOS','MUN-238'),
	 ('PAR-0761','BOLÍVAR','MUN-239');
INSERT INTO public.parrish ("code","name","municipality_code") VALUES
	 ('PAR-0762','SANTA CRUZ','MUN-240'),
	 ('PAR-0763','JOSÉ RAFAEL REVENGA','MUN-241'),
	 ('PAR-0764','OCUMARE DE LA COSTA','MUN-242'),
	 ('PAR-0765','SAN SEBASTIÁN','MUN-243'),
	 ('PAR-0766','TOVAR','MUN-244'),
	 ('PAR-0767','MASPARRITO','MUN-245'),
	 ('PAR-0768','EL SOCORRO','MUN-245'),
	 ('PAR-0769','BARRANCAS','MUN-245'),
	 ('PAR-0770','TICOPORO','MUN-246'),
	 ('PAR-0771','ANDRÉS BELLO','MUN-246');
INSERT INTO public.parrish ("code","name","municipality_code") VALUES
	 ('PAR-0772','NICOLÁS PULIDO','MUN-246'),
	 ('PAR-0773','RODRÍGUEZ DOMÍNGUEZ','MUN-247'),
	 ('PAR-0774','SABANETA','MUN-247'),
	 ('PAR-0775','LIBERTAD','MUN-248'),
	 ('PAR-0776','DOLORES','MUN-248'),
	 ('PAR-0778','PALACIOS FAJARDO','MUN-248'),
	 ('PAR-0779','SANTA ROSA','MUN-248'),
	 ('PAR-0780','BARINAS','MUN-249'),
	 ('PAR-0781','RAMÓN IGNACIO MÉNDEZ','MUN-249'),
	 ('PAR-0782','CORAZÓN DE JESÚS','MUN-249');
INSERT INTO public.parrish ("code","name","municipality_code") VALUES
	 ('PAR-0783','EL CARMEN','MUN-249'),
	 ('PAR-0784','TORUNOS','MUN-249'),
	 ('PAR-0785','SANTA LUCÍA','MUN-249'),
	 ('PAR-0786','ALTO BARINAS','MUN-249'),
	 ('PAR-0787','ALFREDO ARVELO LARRIVA','MUN-249'),
	 ('PAR-0788','RÓMULO BETANCOURT','MUN-249'),
	 ('PAR-0789','SAN SILVESTRE','MUN-249'),
	 ('PAR-0790','JUAN ANTONIO RODRÍGUEZ DOMÍNGUEZ','MUN-249'),
	 ('PAR-0791','DOMINGA ORTIZ DE PÁEZ','MUN-249'),
	 ('PAR-0792','MANUEL PALACIO FAJARDO','MUN-249');
INSERT INTO public.parrish ("code","name","municipality_code") VALUES
	 ('PAR-0793','ARISMENDI','MUN-250'),
	 ('PAR-0794','GUADARRAMA','MUN-250'),
	 ('PAR-0795','LA UNIÓN','MUN-250'),
	 ('PAR-0796','SAN ANTONIO','MUN-250'),
	 ('PAR-0797','CALDERAS','MUN-251'),
	 ('PAR-0798','BARINITAS','MUN-251'),
	 ('PAR-0799','ALTAMIRA','MUN-251'),
	 ('PAR-0800','RAMÓN IGNACIO MÉNDEZ','MUN-252'),
	 ('PAR-0801','SANTA BÁRBARA','MUN-252'),
	 ('PAR-0802','JOSÉ IGNACIO DEL PUMAR','MUN-252');
INSERT INTO public.parrish ("code","name","municipality_code") VALUES
	 ('PAR-0803','PEDRO BRICEÑO MÉNDEZ','MUN-252'),
	 ('PAR-0804','LA LUZ','MUN-253'),
	 ('PAR-0805','LOS GUASIMITOS','MUN-253'),
	 ('PAR-0806','EL REAL','MUN-253'),
	 ('PAR-0807','OBISPOS','MUN-253'),
	 ('PAR-0808','JOSÉ FÉLIX RIBAS','MUN-254'),
	 ('PAR-0809','PÁEZ','MUN-254'),
	 ('PAR-0810','IGNACIO BRICEÑO','MUN-254'),
	 ('PAR-0811','CIUDAD BOLIVIA','MUN-254'),
	 ('PAR-0812','SANTA CRUZ DE GUACAS','MUN-255');
INSERT INTO public.parrish ("code","name","municipality_code") VALUES
	 ('PAR-0813','PUERTO VIVAS','MUN-255'),
	 ('PAR-0814','EL CANTÓN','MUN-255'),
	 ('PAR-0815','PUERTO DE NUTRIAS','MUN-256'),
	 ('PAR-0816','SANTA CATALINA','MUN-256'),
	 ('PAR-0817','CIUDAD DE NUTRIAS','MUN-256'),
	 ('PAR-0818','EL REGALO','MUN-256'),
	 ('PAR-0819','IKABARÚ','MUN-257'),
	 ('PAR-0820','YOCOIMA','MUN-258'),
	 ('PAR-0821','UNARE','MUN-258'),
	 ('PAR-0822','VISTA AL SOL','MUN-258');
INSERT INTO public.parrish ("code","name","municipality_code") VALUES
	 ('PAR-0823','CACHAMAY','MUN-258'),
	 ('PAR-0824','CHIRICA','MUN-258'),
	 ('PAR-0825','UNIVERSIDAD','MUN-258'),
	 ('PAR-0826','SIMÓN BOLÍVAR','MUN-258'),
	 ('PAR-0827','DALLA COSTA','MUN-258'),
	 ('PAR-0828','POZO VERDE','MUN-258'),
	 ('PAR-0829','ONCE DE ABRIL','MUN-258'),
	 ('PAR-0830','GUARATARO','MUN-259'),
	 ('PAR-0831','LAS MAJADAS','MUN-259'),
	 ('PAR-0832','MOITACO','MUN-259');
INSERT INTO public.parrish ("code","name","municipality_code") VALUES
	 ('PAR-0833','ARIPAO','MUN-259'),
	 ('PAR-0834','SAN ISIDRO','MUN-260'),
	 ('PAR-0835','DALLA COSTA','MUN-260'),
	 ('PAR-0836','SALOM','MUN-261'),
	 ('PAR-0837','ASCENSIÓN FARRERAS','MUN-262'),
	 ('PAR-0838','PIJIGUAOS','MUN-262'),
	 ('PAR-0839','LA URBANA','MUN-262'),
	 ('PAR-0840','GUANIAMO','MUN-262'),
	 ('PAR-0841','ALTAGRACIA','MUN-262'),
	 ('PAR-0842','SANTA BÁRBARA','MUN-263');
INSERT INTO public.parrish ("code","name","municipality_code") VALUES
	 ('PAR-0843','SAN FRANCISCO','MUN-263'),
	 ('PAR-0844','BARCELONETA','MUN-263'),
	 ('PAR-0845','MARHUANTA','MUN-264'),
	 ('PAR-0846','ZEA','MUN-264'),
	 ('PAR-0847','PANAPANA','MUN-264'),
	 ('PAR-0848','VISTA HERMOSA','MUN-264'),
	 ('PAR-0849','LA SABANITA','MUN-264'),
	 ('PAR-0850','ANTONIO PÁEZ','MUN-264'),
	 ('PAR-0851','CATEDRAL','MUN-264'),
	 ('PAR-0852','AGUA SALADA','MUN-264');
INSERT INTO public.parrish ("code","name","municipality_code") VALUES
	 ('PAR-0853','ORINOCO','MUN-264'),
	 ('PAR-0854','ANDRÉS ELOY BLANCO','MUN-265'),
	 ('PAR-0855','PEDRO COVA','MUN-265'),
	 ('PAR-0856','EL CALLAO','MUN-266'),
	 ('PAR-0857','PADRE PEDRO CHIEN','MUN-267'),
	 ('PAR-0858','CIUDAD ALIANZA','MUN-268'),
	 ('PAR-0859','GUACARA','MUN-268'),
	 ('PAR-0860','YAGUA','MUN-268'),
	 ('PAR-0861','MIRANDA','MUN-269'),
	 ('PAR-0862','MONTALBÁN','MUN-270');
INSERT INTO public.parrish ("code","name","municipality_code") VALUES
	 ('PAR-0863','NAGUANAGUA','MUN-271'),
	 ('PAR-0864','RAFAEL URDANETA','MUN-272'),
	 ('PAR-0865','NEGRO PRIMERO','MUN-272'),
	 ('PAR-0866','SANTA ROSA','MUN-272'),
	 ('PAR-0867','SAN BLAS','MUN-272'),
	 ('PAR-0868','MIGUEL PEÑA','MUN-272'),
	 ('PAR-0869','EL SOCORRO','MUN-272'),
	 ('PAR-0870','CATEDRAL','MUN-272'),
	 ('PAR-0871','CANDELARIA','MUN-272'),
	 ('PAR-0872','SAN JOSÉ','MUN-272');
INSERT INTO public.parrish ("code","name","municipality_code") VALUES
	 ('PAR-0873','SAN JOAQUÍN','MUN-273'),
	 ('PAR-0874','MARIARA','MUN-274'),
	 ('PAR-0875','AGUAS CALIENTES','MUN-274'),
	 ('PAR-0876','SIMÓN BOLÍVAR','MUN-275'),
	 ('PAR-0877','BEJUMA','MUN-275'),
	 ('PAR-0878','CANOABO','MUN-275'),
	 ('PAR-0879','TACARIGUA','MUN-276'),
	 ('PAR-0880','BELÉN','MUN-276'),
	 ('PAR-0881','GÜIGÜE','MUN-276'),
	 ('PAR-0882','LOS GUAYOS','MUN-277');
INSERT INTO public.parrish ("code","name","municipality_code") VALUES
	 ('PAR-0883','DEMOCRACIA','MUN-278'),
	 ('PAR-0884','PATANEMO','MUN-278'),
	 ('PAR-0885','BORBURATA','MUN-278'),
	 ('PAR-0886','UNIÓN','MUN-278'),
	 ('PAR-0887','FRATERNIDAD','MUN-278'),
	 ('PAR-0888','BARTOLOMÉ SALOM','MUN-278'),
	 ('PAR-0889','JUAN JOSÉ FLORES','MUN-278'),
	 ('PAR-0890','SAN DIEGO','MUN-279'),
	 ('PAR-0891','TOCUYITO','MUN-280'),
	 ('PAR-0892','INDEPENDENCIA','MUN-280');
INSERT INTO public.parrish ("code","name","municipality_code") VALUES
	 ('PAR-0893','URAMA','MUN-281'),
	 ('PAR-0894','MORÓN','MUN-281'),
	 ('PAR-0895','EL AMPARO','MUN-282'),
	 ('PAR-0896','LIBERTAD DE COJEDES','MUN-282'),
	 ('PAR-0897','COJEDES','MUN-283'),
	 ('PAR-0898','JUAN DE MATA SUÁREZ','MUN-283'),
	 ('PAR-0899','TINAQUILLO','MUN-284'),
	 ('PAR-0900','EL BAÚL','MUN-285'),
	 ('PAR-0901','SUCRE','MUN-285'),
	 ('PAR-0902','EL PAO','MUN-286');
INSERT INTO public.parrish ("code","name","municipality_code") VALUES
	 ('PAR-0903','RÓMULO GALLEGOS','MUN-287'),
	 ('PAR-0904','SAN CARLOS DE AUSTRIA','MUN-288'),
	 ('PAR-0905','JUAN ÁNGEL BRAVO','MUN-288'),
	 ('PAR-0906','MANUEL MANRIQUE','MUN-288'),
	 ('PAR-0907','GENERAL EN JEFE JOSÉ LAURENCIO SILVA','MUN-289'),
	 ('PAR-0908','LA AGUADITA','MUN-290'),
	 ('PAR-0909','MACAPO','MUN-290'),
	 ('PAR-0910','CURIAPO','MUN-291'),
	 ('PAR-0911','ALMIRANTE LUIS BRIÓN ','MUN-291'),
	 ('PAR-0912','FRANCISCO ANICETO LUGO','MUN-291');
INSERT INTO public.parrish ("code","name","municipality_code") VALUES
	 ('PAR-0913','MANUEL RENAUD','MUN-291'),
	 ('PAR-0914','PADRE BARRAL','MUN-291'),
	 ('PAR-0915',' SANTOS DE AbeLgas','MUN-291'),
	 ('PAR-0916',' IMATAUCA','MUN-292'),
	 ('PAR-0917','JUAN BAUTISTA ARISMENDI','MUN-292'),
	 ('PAR-0918','MANUEL PIAR','MUN-292'),
	 ('PAR-0919','RÓMULO GALLEGOS','MUN-292'),
	 ('PAR-0920','PEDERNALES','MUN-293'),
	 ('PAR-0921','LUIS BELTRÁN PRIETO FIGUEROA','MUN-293'),
	 ('PAR-0922','SAN JOSÉ','MUN-294');
INSERT INTO public.parrish ("code","name","municipality_code") VALUES
	 ('PAR-0923','JOSÉ VIDAL MARCANO','MUN-294'),
	 ('PAR-0924','LEONARDO RUÍZ PINEDA','MUN-294'),
	 ('PAR-0925','MARISCAL ANTONIO JOSÉ DE SUCRE','MUN-294'),
	 ('PAR-0926','MONSEÑOR ARGIMIRO GARCÍA','MUN-294'),
	 ('PAR-0927','VIRGEN DEL VALLE','MUN-294'),
	 ('PAR-0928','SAN RAFAEL','MUN-294'),
	 ('PAR-0929','JUAN MILLAN','MUN-294'),
	 ('PAR-0930','SAN PEDRO','MUN-295'),
	 ('PAR-0931','LA PASTORA','MUN-295'),
	 ('PAR-0932','ALTAGRACIA','MUN-295');
INSERT INTO public.parrish ("code","name","municipality_code") VALUES
	 ('PAR-0933','SAN JOSE','MUN-295'),
	 ('PAR-0934','SAN BERNARDINO','MUN-295'),
	 ('PAR-0935','CATEDRAL','MUN-295'),
	 ('PAR-0936','CANDELARIA','MUN-295'),
	 ('PAR-0937','EL RECREO','MUN-295'),
	 ('PAR-0938','23 DE ENERO','MUN-295'),
	 ('PAR-0939','SAN AGUSTIN','MUN-295'),
	 ('PAR-0940','SAN JUAN','MUN-295'),
	 ('PAR-0941','SUCRE/CATIA','MUN-295'),
	 ('PAR-0942','EL JUNQUITO','MUN-295');
INSERT INTO public.parrish ("code","name","municipality_code") VALUES
	 ('PAR-0943','SANTA ROSALIA','MUN-295'),
	 ('PAR-0944','EL PARAISO','MUN-295'),
	 ('PAR-0945','SANTA TERESA','MUN-295'),
	 ('PAR-0946','LA VEGA','MUN-295'),
	 ('PAR-0947','ANTIMANO','MUN-295'),
	 ('PAR-0948','MACARAO','MUN-295'),
	 ('PAR-0949','CARICUAO','MUN-295'),
	 ('PAR-0950','EL VALLE','MUN-295'),
	 ('PAR-0951','COCHE','MUN-295'),
	 ('PAR-0952','CACIQUE MANAURE','MUN-296');
INSERT INTO public.parrish ("code","name","municipality_code") VALUES
	 ('PAR-0953','MENE DE MAUROA','MUN-297'),
	 ('PAR-0954','SAN FÉLIX','MUN-297'),
	 ('PAR-0955','CASIGUA','MUN-297'),
	 ('PAR-0956','LOS TAQUES','MUN-298'),
	 ('PAR-0957','JUDIBANA','MUN-298'),
	 ('PAR-0958','AGUA LINDA','MUN-299'),
	 ('PAR-0959','ARAURIMA','MUN-299'),
	 ('PAR-0960','JACURA','MUN-299'),
	 ('PAR-0961','AGUA LARGA','MUN-300'),
	 ('PAR-0962','CHURUGUARA','MUN-300');
INSERT INTO public.parrish ("code","name","municipality_code") VALUES
	 ('PAR-0963','EL PAUJÍ','MUN-300'),
	 ('PAR-0964','INDEPENDENCIA','MUN-300'),
	 ('PAR-0965','MAPARARÍ','MUN-300'),
	 ('PAR-0966','ADAURE','MUN-301'),
	 ('PAR-0967','ADÍCORA','MUN-301'),
	 ('PAR-0968','BARAIVED','MUN-301'),
	 ('PAR-0969','BUENA VISTA','MUN-301'),
	 ('PAR-0970','JADACAQUIVA','MUN-301'),
	 ('PAR-0971','EL VÍNCULO','MUN-301'),
	 ('PAR-0972','EL HATO','MUN-301');
INSERT INTO public.parrish ("code","name","municipality_code") VALUES
	 ('PAR-0973','MORUY','MUN-301'),
	 ('PAR-0974','PUEBLO NUEVO','MUN-301'),
	 ('PAR-0975','AGUA CLARA','MUN-302'),
	 ('PAR-0976','AVARIA','MUN-302'),
	 ('PAR-0977','PEDREGAL','MUN-302'),
	 ('PAR-0978','PIEDRA GRANDE','MUN-302'),
	 ('PAR-0979','PURURECHE','MUN-302'),
	 ('PAR-0980','DABAJURO','MUN-303'),
	 ('PAR-0981','NORTE','MUN-304'),
	 ('PAR-0982','CARIRUBANA','MUN-304');
INSERT INTO public.parrish ("code","name","municipality_code") VALUES
	 ('PAR-0983','SANTA ANA','MUN-304'),
	 ('PAR-0984','URBANA PUNTA CARDÓN','MUN-304'),
	 ('PAR-0985','PALMASOLA','MUN-305'),
	 ('PAR-0986','BARIRO','MUN-306'),
	 ('PAR-0987','BOROJÓ','MUN-306'),
	 ('PAR-0988','CAPATÁRIDA','MUN-306'),
	 ('PAR-0989','GUAJIRO','MUN-306'),
	 ('PAR-0990','SEQUE','MUN-306'),
	 ('PAR-0991','VALLE DE EROA','MUN-306'),
	 ('PAR-0992','ZAZÁRIDA','MUN-306');
INSERT INTO public.parrish ("code","name","municipality_code") VALUES
	 ('PAR-0993','ARACUA','MUN-307'),
	 ('PAR-0994','LA PEÑA','MUN-307'),
	 ('PAR-0995','SAN LUIS','MUN-307'),
	 ('PAR-0996','CAPADARE','MUN-308'),
	 ('PAR-0997','LA PASTORA','MUN-308'),
	 ('PAR-0998','LIBERTADOR','MUN-308'),
	 ('PAR-0999','SAN JUAN DE LOS CAYOS','MUN-308'),
	 ('PAR-1000','LA VELA DE CORO','MUN-309'),
	 ('PAR-1001','ACURIGUA','MUN-309'),
	 ('PAR-1002','GUAIBACOA','MUN-309');
INSERT INTO public.parrish ("code","name","municipality_code") VALUES
	 ('PAR-1003','LAS CALDERAS','MUN-309'),
	 ('PAR-1004','MATARUCA','MUN-309'),
	 ('PAR-1005','EL CHARAL','MUN-310'),
	 ('PAR-1006','LAS VEGAS DEL TUY','MUN-310'),
	 ('PAR-1007','SANTA CRUZ DE BUCARAL','MUN-310'),
	 ('PAR-1008','GUZMÁN GUILLERMO','MUN-311'),
	 ('PAR-1009','MITARE','MUN-311'),
	 ('PAR-1010','RÍO SECO','MUN-311'),
	 ('PAR-1011','SABANETA','MUN-311'),
	 ('PAR-1012','SAN ANTONIO','MUN-311');
INSERT INTO public.parrish ("code","name","municipality_code") VALUES
	 ('PAR-1013','SAN GABRIEL','MUN-311'),
	 ('PAR-1014','SANTA ANA','MUN-311'),
	 ('PAR-1015','BRUZUAL','MUN-312'),
	 ('PAR-1016','URUMACO','MUN-312'),
	 ('PAR-1017','BOCA DEL TOCUYO','MUN-313'),
	 ('PAR-1018','CHICHIRIVICHE','MUN-313'),
	 ('PAR-1019','TOCUYO DE LA COSTA','MUN-313'),
	 ('PAR-1020','TOCÓPERO','MUN-314'),
	 ('PAR-1021','SUCRE','MUN-315'),
	 ('PAR-1022','PECAYA','MUN-315');
INSERT INTO public.parrish ("code","name","municipality_code") VALUES
	 ('PAR-1023','TUCACAS','MUN-316'),
	 ('PAR-1024','BOCA DE AROABOCA DE AROA','MUN-316'),
	 ('PAR-1025','CAPITAL SAN FRANCISCO MIRIMIRE','MUN-317'),
	 ('PAR-1026','SAN JOSÉ DE LA COSTA','MUN-318'),
	 ('PAR-1027','PÍRITU','MUN-318'),
	 ('PAR-1028','CABURE','MUN-319'),
	 ('PAR-1029','COLINA','MUN-319'),
	 ('PAR-1030','CURIMAGUA','MUN-319'),
	 ('PAR-1031','PUERTO CUMAREBO','MUN-320'),
	 ('PAR-1032','LA CIÉNAGA','MUN-320');
INSERT INTO public.parrish ("code","name","municipality_code") VALUES
	 ('PAR-1033','LA SOLEDAD','MUN-320'),
	 ('PAR-1034','PUEBLO CUMAREBO','MUN-320'),
	 ('PAR-1035','ZAZÁRIDA','MUN-320'),
	 ('PAR-1036','SANTA MARÍA DE IPIRE','MUN-321'),
	 ('PAR-1037','ALTAMIRA','MUN-321'),
	 ('PAR-1038','CHAGUARAMAS','MUN-322'),
	 ('PAR-1039','SAN JOSÉ DE UNARE','MUN-323'),
	 ('PAR-1040','ZARAZA','MUN-323'),
	 ('PAR-1041','SAN JOSÉ DE GUARIBE','MUN-324'),
	 ('PAR-1042','GUAYABAL','MUN-325');
INSERT INTO public.parrish ("code","name","municipality_code") VALUES
	 ('PAR-1043','CAZORLA','MUN-325'),
	 ('PAR-1044','SAN JOSÉ DE TIZNADOS','MUN-326'),
	 ('PAR-1045','SAN FRANCISCO DE TIZNADOS','MUN-326'),
	 ('PAR-1046','SAN LORENZO DE TIZNADOS','MUN-326'),
	 ('PAR-1047','ORTIZ','MUN-326'),
	 ('PAR-1048','EL CALVARIO','MUN-327'),
	 ('PAR-1049','EL RASTRO','MUN-327'),
	 ('PAR-1050','GUARDATINAJAS','MUN-327'),
	 ('PAR-1051','CAPITAL URBANA CALABOZO','MUN-327'),
	 ('PAR-1052','VALLE DE LA PASCUA','MUN-328');
INSERT INTO public.parrish ("code","name","municipality_code") VALUES
	 ('PAR-1053','ESPINO','MUN-328'),
	 ('PAR-1054','CAMAGUÁN','MUN-329'),
	 ('PAR-1055','PUERTO MIRANDA','MUN-329'),
	 ('PAR-1056','UVERITO','MUN-329'),
	 ('PAR-1057','EL SOCORRO','MUN-330'),
	 ('PAR-1058','TUCUPIDO','MUN-331'),
	 ('PAR-1059','SAN RAFAEL DE LAYA','MUN-331'),
	 ('PAR-1060','ALTAGRACIA DE ORITUCO','MUN-332'),
	 ('PAR-1061','SAN RAFAEL DE ORITUCO','MUN-332'),
	 ('PAR-1062','SAN FRANCISCO JAVIER DE LEZAMA','MUN-332');
INSERT INTO public.parrish ("code","name","municipality_code") VALUES
	 ('PAR-1063','PASO REAL DE MACAIRA','MUN-332'),
	 ('PAR-1064','CARLOS SOUBLETTE','MUN-332'),
	 ('PAR-1065','SAN FRANCISCO DE MACAIRA','MUN-332'),
	 ('PAR-1066','LIBERTAD DE ORITUCO','MUN-332'),
	 ('PAR-1067','CANTAGALLO','MUN-333'),
	 ('PAR-1068','SAN JUAN DE LOS MORROS','MUN-333'),
	 ('PAR-1069','PARAPARA','MUN-333'),
	 ('PAR-1070','EL SOMBRERO','MUN-334'),
	 ('PAR-1071','SOSA','MUN-334'),
	 ('PAR-1072','LAS MERCEDES','MUN-335');
INSERT INTO public.parrish ("code","name","municipality_code") VALUES
	 ('PAR-1073','CABRUTA','MUN-335'),
	 ('PAR-1074','SANTA RITA DE MANAPIRE','MUN-335'),
	 ('PAR-1775','SARARE','MUN-032'),
	 ('PAR-1776','EL COROZO','MUN-059'),
	 ('PAR-1777','MARAWAKA','MUN-194'),
	 ('PAR-1778','MAVACA','MUN-194');


CALL public.add_module('INICIO'::character varying,'/panel/'::character varying,'mdi-home'::character varying,false);
CALL public.add_module('CITAS'::character varying,'/panel/citas'::character varying,'mdi-account-group'::character varying,false);
CALL public.add_module('PACIENTES'::character varying,'/panel/pacientes'::character varying,'mdi-account-injury'::character varying,false);
CALL public.add_module('PROYECTOS'::character varying,'/panel/proyectos'::character varying,'mdi-list-box-outline'::character varying,false);
CALL public.add_module('EMPLEADOS'::character varying,'/panel/empleados'::character varying,'mdi-account-hard-hat'::character varying,false);
CALL public.add_module('USUARIOS'::character varying,'/panel/usuarios'::character varying,'mdi-account'::character varying,false);
CALL public.add_module('PERMISOS DE USUARIO'::character varying,'/panel/permisos_departamento'::character varying,'mdi-lock-open-variant'::character varying,false);
CALL public.add_module('PERMISOS DE ROLES'::character varying,'/panel/permisos_roles'::character varying,'mdi-lock-open-variant'::character varying,false);

CALL public.add_user_role(
'MIEMBRO',
'{"MOD-0001"}'::chacracter varying[],
'{true}'::boolean[],
'{true}'::boolean[],
'{true}'::boolean[],
'{true}'::boolean[],
'{true}'::boolean[]
);

CALL public.add_user_status('VERIFICACION');
CALL public.add_user_status('NORMAL');
CALL public.add_user_status('BLOQUEADO');

CALL public.add_gender('MASCULINO');
CALL public.add_gender('FEMENINIO');
CALL public.add_gender('OTRO');

CALL public.add_document_type('V'::bpchar,'VENEZOLANO');
CALL public.add_document_type('J'::bpchar,'JURIDICO');
CALL public.add_document_type('E'::bpchar,'EXTRANJERO');
CALL public.add_document_type('G'::bpchar,'GUBERNAMENTAL');

call public.add_martial_status('SOLTERO/A');
call public.add_martial_status('CASADO/A');
call public.add_martial_status('VIUDO/A');
call public.add_martial_status('DIVORCIADO/A');


CALL public.add_user(
'JESOTELDO'::character varying,
'$2b$11$PsPQl2FwvWpIIGxjudbs1OyADW2QOYQjB1ccyQNbD2TvmoejdW5jS'::character varying,
'joelenrikesoteldo@gmail.com'::character varying,
'$2b$11$wmueLizuxbIMWGg/fsqOmOMMzIIz9/DE67IuA5/mWt58UWFDfh5Fy'::character varying,
'stts-0002'::character varying,
'rol-0001'::character varying,
'JOEL ENRIQUE'::character varying,
'SOTELDO SIVIRA'::character varying,
'gndr-01'::character varying,
'DTYPE-0001'::character varying,
'22194872'::character varying,
'2022-07-31'::date,
'MSTTS-0001'::character varying,
FALSE::boolean,
NULL::CHARACTER VARYING,
FALSE::boolean,
NULL::CHARACTER VARYING,
'PAR-0089'::character varying,
'LAS TUNAS 2 '::character varying,
'04125231022'::character varying
);

call add_job_position('ANALISTA');
call add_job_position('JEFE');
call add_job_position('COORDINADOR');
call add_job_position('GERENTE');

call add_departament('SISTEMA');
call add_departament('RRHH');

call public.add_permission_modules_by_departament(
'{"MOD-0001","MOD-0002","MOD-0003","MOD-0004","MOD-0005","MOD-0006","MOD-0007","MOD-0008"}'::character varying[],
'JBPST-0001'::character varying,
'DPTMT-0001'::character varying,
'{true,true,true,true,true,true,true,true}'::boolean[],
'{true,true,true,true,true,true,true,true}'::boolean[],
'{true,true,true,true,true,true,true,true}'::boolean[],
'{true,true,true,true,true,true,true,true}'::boolean[],
'{true,true,true,true,true,true,true,true}'::boolean[]
);

call public.add_employed(
	'upd-0001',
	'2022-10-01'::date,
	null::date,
	'JBPST-0001',
	'DPTMT-0001'
);

*/
select * from view_modules;
select * from view_users vu ;
